This is pdfTeX, Version 3.14159265-2.6-1.40.18 (TeX Live 2017/Debian) (preloaded format=pdflatex 2021.9.14)  19 APR 2023 20:38
entering extended mode
 restricted \write18 enabled.
 %&-line parsing enabled.
**b1cidead_3Ev_sol.tex
(./b1cidead_3Ev_sol.tex
LaTeX2e <2017-04-15>
Babel <3.18> and hyphenation patterns for 84 language(s) loaded.
(/usr/share/texlive/texmf-dist/tex/latex/extsizes/extarticle.cls
Document Class: extarticle 1996/10/08 v1.0 Non Standard LaTeX document class
(/usr/share/texlive/texmf-dist/tex/latex/extsizes/size14.clo
File: size14.clo 1999/11/11 v1.4a NON-Standard LaTeX file (size option)
)
(/usr/share/texlive/texmf-dist/tex/latex/base/exscale.sty
Package: exscale 2014/09/29 v2.1h Standard LaTeX package exscale
LaTeX Font Info:    Redeclaring symbol font `largesymbols' on input line 57.
LaTeX Font Info:    Overwriting symbol font `largesymbols' in version `normal'
(Font)                  OMX/cmex/m/n --> OMX/cmex/m/n on input line 57.
LaTeX Font Info:    Overwriting symbol font `largesymbols' in version `bold'
(Font)                  OMX/cmex/m/n --> OMX/cmex/m/n on input line 57.
\big@size=\dimen102
)
\c@part=\count79
\c@section=\count80
\c@subsection=\count81
\c@subsubsection=\count82
\c@paragraph=\count83
\c@subparagraph=\count84
\c@figure=\count85
\c@table=\count86
\abovecaptionskip=\skip41
\belowcaptionskip=\skip42
\bibindent=\dimen103
)
(/usr/share/texlive/texmf-dist/tex/latex/tools/array.sty
Package: array 2016/10/06 v2.4d Tabular extension package (FMi)
\col@sep=\dimen104
\extrarowheight=\dimen105
\NC@list=\toks14
\extratabsurround=\skip43
\backup@length=\skip44
)
(/usr/share/texlive/texmf-dist/tex/latex/amsmath/amsmath.sty
Package: amsmath 2017/09/02 v2.17a AMS math features
\@mathmargin=\skip45

For additional information on amsmath, use the `?' option.
(/usr/share/texlive/texmf-dist/tex/latex/amsmath/amstext.sty
Package: amstext 2000/06/29 v2.01 AMS text

(/usr/share/texlive/texmf-dist/tex/latex/amsmath/amsgen.sty
File: amsgen.sty 1999/11/30 v2.0 generic functions
\@emptytoks=\toks15
\ex@=\dimen106
))
(/usr/share/texlive/texmf-dist/tex/latex/amsmath/amsbsy.sty
Package: amsbsy 1999/11/29 v1.2d Bold Symbols
\pmbraise@=\dimen107
)
(/usr/share/texlive/texmf-dist/tex/latex/amsmath/amsopn.sty
Package: amsopn 2016/03/08 v2.02 operator names
)
\inf@bad=\count87
LaTeX Info: Redefining \frac on input line 213.
\uproot@=\count88
\leftroot@=\count89
LaTeX Info: Redefining \overline on input line 375.
\classnum@=\count90
\DOTSCASE@=\count91
LaTeX Info: Redefining \ldots on input line 472.
LaTeX Info: Redefining \dots on input line 475.
LaTeX Info: Redefining \cdots on input line 596.
\Mathstrutbox@=\box26
\strutbox@=\box27
\big@size=\dimen108
LaTeX Font Info:    Redeclaring font encoding OML on input line 712.
LaTeX Font Info:    Redeclaring font encoding OMS on input line 713.
\macc@depth=\count92
\c@MaxMatrixCols=\count93
\dotsspace@=\muskip10
\c@parentequation=\count94
\dspbrk@lvl=\count95
\tag@help=\toks16
\row@=\count96
\column@=\count97
\maxfields@=\count98
\andhelp@=\toks17
\eqnshift@=\dimen109
\alignsep@=\dimen110
\tagshift@=\dimen111
\tagwidth@=\dimen112
\totwidth@=\dimen113
\lineht@=\dimen114
\@envbody=\toks18
\multlinegap=\skip46
\multlinetaggap=\skip47
\mathdisplay@stack=\toks19
LaTeX Info: Redefining \[ on input line 2817.
LaTeX Info: Redefining \] on input line 2818.
)
(/usr/share/texlive/texmf-dist/tex/latex/fancybox/fancybox.sty
Package: fancybox 2010/05/15 1.4

Style option: `fancybox' v1.4 <2010/05/15> (tvz)
\@fancybox=\box28
\shadowsize=\dimen115
\@Sbox=\box29
\do@VerbBox=\toks20
\the@fancyput=\toks21
\this@fancyput=\toks22
\EndVerbatimTokens=\toks23
\Verbatim@Outfile=\write3
\Verbatim@Infile=\read1
) (/usr/share/texlive/texmf-dist/tex/latex/amsfonts/amsfonts.sty
Package: amsfonts 2013/01/14 v3.01 Basic AMSFonts support
\symAMSa=\mathgroup4
\symAMSb=\mathgroup5
LaTeX Font Info:    Overwriting math alphabet `\mathfrak' in version `bold'
(Font)                  U/euf/m/n --> U/euf/b/n on input line 106.
)
(/usr/share/texlive/texmf-dist/tex/latex/graphics/graphicx.sty
Package: graphicx 2017/06/01 v1.1a Enhanced LaTeX Graphics (DPC,SPQR)

(/usr/share/texlive/texmf-dist/tex/latex/graphics/keyval.sty
Package: keyval 2014/10/28 v1.15 key=value parser (DPC)
\KV@toks@=\toks24
)
(/usr/share/texlive/texmf-dist/tex/latex/graphics/graphics.sty
Package: graphics 2017/06/25 v1.2c Standard LaTeX Graphics (DPC,SPQR)

(/usr/share/texlive/texmf-dist/tex/latex/graphics/trig.sty
Package: trig 2016/01/03 v1.10 sin cos tan (DPC)
)
(/usr/share/texlive/texmf-dist/tex/latex/graphics-cfg/graphics.cfg
File: graphics.cfg 2016/06/04 v1.11 sample graphics configuration
)
Package graphics Info: Driver file: pdftex.def on input line 99.

(/usr/share/texlive/texmf-dist/tex/latex/graphics-def/pdftex.def
File: pdftex.def 2018/01/08 v1.0l Graphics/color driver for pdftex
))
\Gin@req@height=\dimen116
\Gin@req@width=\dimen117
)
(/usr/share/texlive/texmf-dist/tex/latex/amscls/amsthm.sty
Package: amsthm 2017/10/31 v2.20.4
\thm@style=\toks25
\thm@bodyfont=\toks26
\thm@headfont=\toks27
\thm@notefont=\toks28
\thm@headpunct=\toks29
\thm@preskip=\skip48
\thm@postskip=\skip49
\thm@headsep=\skip50
\dth@everypar=\toks30
)
(/usr/share/texlive/texmf-dist/tex/latex/amsfonts/amssymb.sty
Package: amssymb 2013/01/14 v3.01 AMS font symbols
)
(/usr/share/texlive/texmf-dist/tex/latex/wasysym/wasysym.sty
Package: wasysym 2003/10/30 v2.0 Wasy-2 symbol support package
\symwasy=\mathgroup6
LaTeX Font Info:    Overwriting symbol font `wasy' in version `bold'
(Font)                  U/wasy/m/n --> U/wasy/b/n on input line 90.
)
(/usr/share/texlive/texmf-dist/tex/latex/base/latexsym.sty
Package: latexsym 1998/08/17 v2.2e Standard LaTeX package (lasy symbols)
\symlasy=\mathgroup7
LaTeX Font Info:    Overwriting symbol font `lasy' in version `bold'
(Font)                  U/lasy/m/n --> U/lasy/b/n on input line 52.
)
(/usr/share/texlive/texmf-dist/tex/latex/carlisle/slashed.sty
Package: slashed 1997/01/16 v0.01 Feynman Slashed Character Notation (DPC)
)
(/usr/share/texlive/texmf-dist/tex/latex/anysize/anysize.sty
Package: anysize 1994/08/13 setting margin sizes

document style option `anysize' loaded
Michael Salzenberg, Thomas Esser, Dirk Hillbrecht
Version 1.0, Aug 13, 1994
\@Leftmargin=\dimen118
\@Rightmargin=\dimen119
\@Topmargin=\dimen120
\@Bottommargin=\dimen121
) (/usr/share/texlive/texmf-dist/tex/latex/subfigure/subfigure.sty
Package: subfigure 2002/03/15 v2.1.5 subfigure package
\subfigtopskip=\skip51
\subfigcapskip=\skip52
\subfigcaptopadj=\dimen122
\subfigbottomskip=\skip53
\subfigcapmargin=\dimen123
\subfiglabelskip=\skip54
\c@subfigure=\count99
\c@lofdepth=\count100
\c@subtable=\count101
\c@lotdepth=\count102

****************************************
* Local config file subfigure.cfg used *
****************************************
(/usr/share/texlive/texmf-dist/tex/latex/subfigure/subfigure.cfg)
\subfig@top=\skip55
\subfig@bottom=\skip56
)
(/usr/share/texlive/texmf-dist/tex/latex/tools/calc.sty
Package: calc 2014/10/28 v4.3 Infix arithmetic (KKT,FJ)
\calc@Acount=\count103
\calc@Bcount=\count104
\calc@Adimen=\dimen124
\calc@Bdimen=\dimen125
\calc@Askip=\skip57
\calc@Bskip=\skip58
LaTeX Info: Redefining \setlength on input line 80.
LaTeX Info: Redefining \addtolength on input line 81.
\calc@Ccount=\count105
\calc@Cskip=\skip59
)
(/usr/share/texlive/texmf-dist/tex/generic/babel/babel.sty
Package: babel 2018/02/14 3.18 The Babel package

(/usr/share/texlive/texmf-dist/tex/generic/babel/switch.def
File: switch.def 2018/02/14 3.18 Babel switching mechanism
)
(/usr/share/texlive/texmf-dist/tex/generic/babel-spanish/spanish.ldf
Language: spanish.ldf 2016/03/03 v5.0p Spanish support from the babel system

(/usr/share/texlive/texmf-dist/tex/generic/babel/babel.def
File: babel.def 2018/02/14 3.18 Babel common definitions
\babel@savecnt=\count106
\U@D=\dimen126

(/usr/share/texlive/texmf-dist/tex/generic/babel/txtbabel.def)
\bbl@dirlevel=\count107
)
\es@quottoks=\toks31
\es@quotdepth=\count108
Package babel Info: Making " an active character on input line 561.
Package babel Info: Making . an active character on input line 662.
Package babel Info: Making < an active character on input line 707.
Package babel Info: Making > an active character on input line 707.
))
(/usr/share/texlive/texmf-dist/tex/latex/base/inputenc.sty
Package: inputenc 2015/03/17 v1.2c Input encoding file
\inpenc@prehook=\toks32
\inpenc@posthook=\toks33

(/usr/share/texlive/texmf-dist/tex/latex/base/utf8.def
File: utf8.def 2017/01/28 v1.1t UTF-8 support for inputenc
Now handling font encoding OML ...
... no UTF-8 mapping file for font encoding OML
Now handling font encoding T1 ...
... processing UTF-8 mapping file for font encoding T1

(/usr/share/texlive/texmf-dist/tex/latex/base/t1enc.dfu
File: t1enc.dfu 2017/01/28 v1.1t UTF-8 support for inputenc
   defining Unicode char U+00A0 (decimal 160)
   defining Unicode char U+00A1 (decimal 161)
   defining Unicode char U+00A3 (decimal 163)
   defining Unicode char U+00AB (decimal 171)
   defining Unicode char U+00AD (decimal 173)
   defining Unicode char U+00BB (decimal 187)
   defining Unicode char U+00BF (decimal 191)
   defining Unicode char U+00C0 (decimal 192)
   defining Unicode char U+00C1 (decimal 193)
   defining Unicode char U+00C2 (decimal 194)
   defining Unicode char U+00C3 (decimal 195)
   defining Unicode char U+00C4 (decimal 196)
   defining Unicode char U+00C5 (decimal 197)
   defining Unicode char U+00C6 (decimal 198)
   defining Unicode char U+00C7 (decimal 199)
   defining Unicode char U+00C8 (decimal 200)
   defining Unicode char U+00C9 (decimal 201)
   defining Unicode char U+00CA (decimal 202)
   defining Unicode char U+00CB (decimal 203)
   defining Unicode char U+00CC (decimal 204)
   defining Unicode char U+00CD (decimal 205)
   defining Unicode char U+00CE (decimal 206)
   defining Unicode char U+00CF (decimal 207)
   defining Unicode char U+00D0 (decimal 208)
   defining Unicode char U+00D1 (decimal 209)
   defining Unicode char U+00D2 (decimal 210)
   defining Unicode char U+00D3 (decimal 211)
   defining Unicode char U+00D4 (decimal 212)
   defining Unicode char U+00D5 (decimal 213)
   defining Unicode char U+00D6 (decimal 214)
   defining Unicode char U+00D8 (decimal 216)
   defining Unicode char U+00D9 (decimal 217)
   defining Unicode char U+00DA (decimal 218)
   defining Unicode char U+00DB (decimal 219)
   defining Unicode char U+00DC (decimal 220)
   defining Unicode char U+00DD (decimal 221)
   defining Unicode char U+00DE (decimal 222)
   defining Unicode char U+00DF (decimal 223)
   defining Unicode char U+00E0 (decimal 224)
   defining Unicode char U+00E1 (decimal 225)
   defining Unicode char U+00E2 (decimal 226)
   defining Unicode char U+00E3 (decimal 227)
   defining Unicode char U+00E4 (decimal 228)
   defining Unicode char U+00E5 (decimal 229)
   defining Unicode char U+00E6 (decimal 230)
   defining Unicode char U+00E7 (decimal 231)
   defining Unicode char U+00E8 (decimal 232)
   defining Unicode char U+00E9 (decimal 233)
   defining Unicode char U+00EA (decimal 234)
   defining Unicode char U+00EB (decimal 235)
   defining Unicode char U+00EC (decimal 236)
   defining Unicode char U+00ED (decimal 237)
   defining Unicode char U+00EE (decimal 238)
   defining Unicode char U+00EF (decimal 239)
   defining Unicode char U+00F0 (decimal 240)
   defining Unicode char U+00F1 (decimal 241)
   defining Unicode char U+00F2 (decimal 242)
   defining Unicode char U+00F3 (decimal 243)
   defining Unicode char U+00F4 (decimal 244)
   defining Unicode char U+00F5 (decimal 245)
   defining Unicode char U+00F6 (decimal 246)
   defining Unicode char U+00F8 (decimal 248)
   defining Unicode char U+00F9 (decimal 249)
   defining Unicode char U+00FA (decimal 250)
   defining Unicode char U+00FB (decimal 251)
   defining Unicode char U+00FC (decimal 252)
   defining Unicode char U+00FD (decimal 253)
   defining Unicode char U+00FE (decimal 254)
   defining Unicode char U+00FF (decimal 255)
   defining Unicode char U+0100 (decimal 256)
   defining Unicode char U+0101 (decimal 257)
   defining Unicode char U+0102 (decimal 258)
   defining Unicode char U+0103 (decimal 259)
   defining Unicode char U+0104 (decimal 260)
   defining Unicode char U+0105 (decimal 261)
   defining Unicode char U+0106 (decimal 262)
   defining Unicode char U+0107 (decimal 263)
   defining Unicode char U+0108 (decimal 264)
   defining Unicode char U+0109 (decimal 265)
   defining Unicode char U+010A (decimal 266)
   defining Unicode char U+010B (decimal 267)
   defining Unicode char U+010C (decimal 268)
   defining Unicode char U+010D (decimal 269)
   defining Unicode char U+010E (decimal 270)
   defining Unicode char U+010F (decimal 271)
   defining Unicode char U+0110 (decimal 272)
   defining Unicode char U+0111 (decimal 273)
   defining Unicode char U+0112 (decimal 274)
   defining Unicode char U+0113 (decimal 275)
   defining Unicode char U+0114 (decimal 276)
   defining Unicode char U+0115 (decimal 277)
   defining Unicode char U+0116 (decimal 278)
   defining Unicode char U+0117 (decimal 279)
   defining Unicode char U+0118 (decimal 280)
   defining Unicode char U+0119 (decimal 281)
   defining Unicode char U+011A (decimal 282)
   defining Unicode char U+011B (decimal 283)
   defining Unicode char U+011C (decimal 284)
   defining Unicode char U+011D (decimal 285)
   defining Unicode char U+011E (decimal 286)
   defining Unicode char U+011F (decimal 287)
   defining Unicode char U+0120 (decimal 288)
   defining Unicode char U+0121 (decimal 289)
   defining Unicode char U+0122 (decimal 290)
   defining Unicode char U+0123 (decimal 291)
   defining Unicode char U+0124 (decimal 292)
   defining Unicode char U+0125 (decimal 293)
   defining Unicode char U+0128 (decimal 296)
   defining Unicode char U+0129 (decimal 297)
   defining Unicode char U+012A (decimal 298)
   defining Unicode char U+012B (decimal 299)
   defining Unicode char U+012C (decimal 300)
   defining Unicode char U+012D (decimal 301)
   defining Unicode char U+012E (decimal 302)
   defining Unicode char U+012F (decimal 303)
   defining Unicode char U+0130 (decimal 304)
   defining Unicode char U+0131 (decimal 305)
   defining Unicode char U+0132 (decimal 306)
   defining Unicode char U+0133 (decimal 307)
   defining Unicode char U+0134 (decimal 308)
   defining Unicode char U+0135 (decimal 309)
   defining Unicode char U+0136 (decimal 310)
   defining Unicode char U+0137 (decimal 311)
   defining Unicode char U+0139 (decimal 313)
   defining Unicode char U+013A (decimal 314)
   defining Unicode char U+013B (decimal 315)
   defining Unicode char U+013C (decimal 316)
   defining Unicode char U+013D (decimal 317)
   defining Unicode char U+013E (decimal 318)
   defining Unicode char U+0141 (decimal 321)
   defining Unicode char U+0142 (decimal 322)
   defining Unicode char U+0143 (decimal 323)
   defining Unicode char U+0144 (decimal 324)
   defining Unicode char U+0145 (decimal 325)
   defining Unicode char U+0146 (decimal 326)
   defining Unicode char U+0147 (decimal 327)
   defining Unicode char U+0148 (decimal 328)
   defining Unicode char U+014A (decimal 330)
   defining Unicode char U+014B (decimal 331)
   defining Unicode char U+014C (decimal 332)
   defining Unicode char U+014D (decimal 333)
   defining Unicode char U+014E (decimal 334)
   defining Unicode char U+014F (decimal 335)
   defining Unicode char U+0150 (decimal 336)
   defining Unicode char U+0151 (decimal 337)
   defining Unicode char U+0152 (decimal 338)
   defining Unicode char U+0153 (decimal 339)
   defining Unicode char U+0154 (decimal 340)
   defining Unicode char U+0155 (decimal 341)
   defining Unicode char U+0156 (decimal 342)
   defining Unicode char U+0157 (decimal 343)
   defining Unicode char U+0158 (decimal 344)
   defining Unicode char U+0159 (decimal 345)
   defining Unicode char U+015A (decimal 346)
   defining Unicode char U+015B (decimal 347)
   defining Unicode char U+015C (decimal 348)
   defining Unicode char U+015D (decimal 349)
   defining Unicode char U+015E (decimal 350)
   defining Unicode char U+015F (decimal 351)
   defining Unicode char U+0160 (decimal 352)
   defining Unicode char U+0161 (decimal 353)
   defining Unicode char U+0162 (decimal 354)
   defining Unicode char U+0163 (decimal 355)
   defining Unicode char U+0164 (decimal 356)
   defining Unicode char U+0165 (decimal 357)
   defining Unicode char U+0168 (decimal 360)
   defining Unicode char U+0169 (decimal 361)
   defining Unicode char U+016A (decimal 362)
   defining Unicode char U+016B (decimal 363)
   defining Unicode char U+016C (decimal 364)
   defining Unicode char U+016D (decimal 365)
   defining Unicode char U+016E (decimal 366)
   defining Unicode char U+016F (decimal 367)
   defining Unicode char U+0170 (decimal 368)
   defining Unicode char U+0171 (decimal 369)
   defining Unicode char U+0172 (decimal 370)
   defining Unicode char U+0173 (decimal 371)
   defining Unicode char U+0174 (decimal 372)
   defining Unicode char U+0175 (decimal 373)
   defining Unicode char U+0176 (decimal 374)
   defining Unicode char U+0177 (decimal 375)
   defining Unicode char U+0178 (decimal 376)
   defining Unicode char U+0179 (decimal 377)
   defining Unicode char U+017A (decimal 378)
   defining Unicode char U+017B (decimal 379)
   defining Unicode char U+017C (decimal 380)
   defining Unicode char U+017D (decimal 381)
   defining Unicode char U+017E (decimal 382)
   defining Unicode char U+01CD (decimal 461)
   defining Unicode char U+01CE (decimal 462)
   defining Unicode char U+01CF (decimal 463)
   defining Unicode char U+01D0 (decimal 464)
   defining Unicode char U+01D1 (decimal 465)
   defining Unicode char U+01D2 (decimal 466)
   defining Unicode char U+01D3 (decimal 467)
   defining Unicode char U+01D4 (decimal 468)
   defining Unicode char U+01E2 (decimal 482)
   defining Unicode char U+01E3 (decimal 483)
   defining Unicode char U+01E6 (decimal 486)
   defining Unicode char U+01E7 (decimal 487)
   defining Unicode char U+01E8 (decimal 488)
   defining Unicode char U+01E9 (decimal 489)
   defining Unicode char U+01EA (decimal 490)
   defining Unicode char U+01EB (decimal 491)
   defining Unicode char U+01F0 (decimal 496)
   defining Unicode char U+01F4 (decimal 500)
   defining Unicode char U+01F5 (decimal 501)
   defining Unicode char U+0218 (decimal 536)
   defining Unicode char U+0219 (decimal 537)
   defining Unicode char U+021A (decimal 538)
   defining Unicode char U+021B (decimal 539)
   defining Unicode char U+0232 (decimal 562)
   defining Unicode char U+0233 (decimal 563)
   defining Unicode char U+1E02 (decimal 7682)
   defining Unicode char U+1E03 (decimal 7683)
   defining Unicode char U+200C (decimal 8204)
   defining Unicode char U+2010 (decimal 8208)
   defining Unicode char U+2011 (decimal 8209)
   defining Unicode char U+2012 (decimal 8210)
   defining Unicode char U+2013 (decimal 8211)
   defining Unicode char U+2014 (decimal 8212)
   defining Unicode char U+2015 (decimal 8213)
   defining Unicode char U+2018 (decimal 8216)
   defining Unicode char U+2019 (decimal 8217)
   defining Unicode char U+201A (decimal 8218)
   defining Unicode char U+201C (decimal 8220)
   defining Unicode char U+201D (decimal 8221)
   defining Unicode char U+201E (decimal 8222)
   defining Unicode char U+2030 (decimal 8240)
   defining Unicode char U+2031 (decimal 8241)
   defining Unicode char U+2039 (decimal 8249)
   defining Unicode char U+203A (decimal 8250)
   defining Unicode char U+2423 (decimal 9251)
   defining Unicode char U+1E20 (decimal 7712)
   defining Unicode char U+1E21 (decimal 7713)
)
Now handling font encoding OT1 ...
... processing UTF-8 mapping file for font encoding OT1

(/usr/share/texlive/texmf-dist/tex/latex/base/ot1enc.dfu
File: ot1enc.dfu 2017/01/28 v1.1t UTF-8 support for inputenc
   defining Unicode char U+00A0 (decimal 160)
   defining Unicode char U+00A1 (decimal 161)
   defining Unicode char U+00A3 (decimal 163)
   defining Unicode char U+00AD (decimal 173)
   defining Unicode char U+00B8 (decimal 184)
   defining Unicode char U+00BF (decimal 191)
   defining Unicode char U+00C5 (decimal 197)
   defining Unicode char U+00C6 (decimal 198)
   defining Unicode char U+00D8 (decimal 216)
   defining Unicode char U+00DF (decimal 223)
   defining Unicode char U+00E6 (decimal 230)
   defining Unicode char U+00EC (decimal 236)
   defining Unicode char U+00ED (decimal 237)
   defining Unicode char U+00EE (decimal 238)
   defining Unicode char U+00EF (decimal 239)
   defining Unicode char U+00F8 (decimal 248)
   defining Unicode char U+0131 (decimal 305)
   defining Unicode char U+0141 (decimal 321)
   defining Unicode char U+0142 (decimal 322)
   defining Unicode char U+0152 (decimal 338)
   defining Unicode char U+0153 (decimal 339)
   defining Unicode char U+0174 (decimal 372)
   defining Unicode char U+0175 (decimal 373)
   defining Unicode char U+0176 (decimal 374)
   defining Unicode char U+0177 (decimal 375)
   defining Unicode char U+0218 (decimal 536)
   defining Unicode char U+0219 (decimal 537)
   defining Unicode char U+021A (decimal 538)
   defining Unicode char U+021B (decimal 539)
   defining Unicode char U+2013 (decimal 8211)
   defining Unicode char U+2014 (decimal 8212)
   defining Unicode char U+2018 (decimal 8216)
   defining Unicode char U+2019 (decimal 8217)
   defining Unicode char U+201C (decimal 8220)
   defining Unicode char U+201D (decimal 8221)
)
Now handling font encoding OMS ...
... processing UTF-8 mapping file for font encoding OMS

(/usr/share/texlive/texmf-dist/tex/latex/base/omsenc.dfu
File: omsenc.dfu 2017/01/28 v1.1t UTF-8 support for inputenc
   defining Unicode char U+00A7 (decimal 167)
   defining Unicode char U+00B6 (decimal 182)
   defining Unicode char U+00B7 (decimal 183)
   defining Unicode char U+2020 (decimal 8224)
   defining Unicode char U+2021 (decimal 8225)
   defining Unicode char U+2022 (decimal 8226)
)
Now handling font encoding OMX ...
... no UTF-8 mapping file for font encoding OMX
Now handling font encoding U ...
... no UTF-8 mapping file for font encoding U
   defining Unicode char U+00A9 (decimal 169)
   defining Unicode char U+00AA (decimal 170)
   defining Unicode char U+00AE (decimal 174)
   defining Unicode char U+00BA (decimal 186)
   defining Unicode char U+02C6 (decimal 710)
   defining Unicode char U+02DC (decimal 732)
   defining Unicode char U+200C (decimal 8204)
   defining Unicode char U+2026 (decimal 8230)
   defining Unicode char U+2122 (decimal 8482)
   defining Unicode char U+2423 (decimal 9251)
))
(/usr/share/texlive/texmf-dist/tex/latex/fancyhdr/fancyhdr.sty
Package: fancyhdr 2017/06/30 v3.9a Extensive control of page headers and footer
s
\f@nch@headwidth=\skip60
\f@nch@O@elh=\skip61
\f@nch@O@erh=\skip62
\f@nch@O@olh=\skip63
\f@nch@O@orh=\skip64
\f@nch@O@elf=\skip65
\f@nch@O@erf=\skip66
\f@nch@O@olf=\skip67
\f@nch@O@orf=\skip68
)
(/usr/share/texlive/texmf-dist/tex/latex/float/float.sty
Package: float 2001/11/08 v1.3d Float enhancements (AL)
\c@float@type=\count109
\float@exts=\toks34
\float@box=\box30
\@float@everytoks=\toks35
\@floatcapt=\box31
)
(/usr/share/texlive/texmf-dist/tex/latex/hyperref/hyperref.sty
Package: hyperref 2018/02/06 v6.86b Hypertext links for LaTeX

(/usr/share/texlive/texmf-dist/tex/generic/oberdiek/hobsub-hyperref.sty
Package: hobsub-hyperref 2016/05/16 v1.14 Bundle oberdiek, subset hyperref (HO)


(/usr/share/texlive/texmf-dist/tex/generic/oberdiek/hobsub-generic.sty
Package: hobsub-generic 2016/05/16 v1.14 Bundle oberdiek, subset generic (HO)
Package: hobsub 2016/05/16 v1.14 Construct package bundles (HO)
Package: infwarerr 2016/05/16 v1.4 Providing info/warning/error messages (HO)
Package: ltxcmds 2016/05/16 v1.23 LaTeX kernel commands for general use (HO)
Package: ifluatex 2016/05/16 v1.4 Provides the ifluatex switch (HO)
Package ifluatex Info: LuaTeX not detected.
Package: ifvtex 2016/05/16 v1.6 Detect VTeX and its facilities (HO)
Package ifvtex Info: VTeX not detected.
Package: intcalc 2016/05/16 v1.2 Expandable calculations with integers (HO)
Package: ifpdf 2017/03/15 v3.2 Provides the ifpdf switch
Package: etexcmds 2016/05/16 v1.6 Avoid name clashes with e-TeX commands (HO)
Package etexcmds Info: Could not find \expanded.
(etexcmds)             That can mean that you are not using pdfTeX 1.50 or
(etexcmds)             that some package has redefined \expanded.
(etexcmds)             In the latter case, load this package earlier.
Package: kvsetkeys 2016/05/16 v1.17 Key value parser (HO)
Package: kvdefinekeys 2016/05/16 v1.4 Define keys (HO)
Package: pdftexcmds 2018/01/21 v0.26 Utility functions of pdfTeX for LuaTeX (HO
)
Package pdftexcmds Info: LuaTeX not detected.
Package pdftexcmds Info: \pdf@primitive is available.
Package pdftexcmds Info: \pdf@ifprimitive is available.
Package pdftexcmds Info: \pdfdraftmode found.
Package: pdfescape 2016/05/16 v1.14 Implements pdfTeX's escape features (HO)
Package: bigintcalc 2016/05/16 v1.4 Expandable calculations on big integers (HO
)
Package: bitset 2016/05/16 v1.2 Handle bit-vector datatype (HO)
Package: uniquecounter 2016/05/16 v1.3 Provide unlimited unique counter (HO)
)
Package hobsub Info: Skipping package `hobsub' (already loaded).
Package: letltxmacro 2016/05/16 v1.5 Let assignment for LaTeX macros (HO)
Package: hopatch 2016/05/16 v1.3 Wrapper for package hooks (HO)
Package: xcolor-patch 2016/05/16 xcolor patch
Package: atveryend 2016/05/16 v1.9 Hooks at the very end of document (HO)
Package atveryend Info: \enddocument detected (standard20110627).
Package: atbegshi 2016/06/09 v1.18 At begin shipout hook (HO)
Package: refcount 2016/05/16 v3.5 Data extraction from label references (HO)
Package: hycolor 2016/05/16 v1.8 Color options for hyperref/bookmark (HO)
)
(/usr/share/texlive/texmf-dist/tex/generic/ifxetex/ifxetex.sty
Package: ifxetex 2010/09/12 v0.6 Provides ifxetex conditional
)
(/usr/share/texlive/texmf-dist/tex/latex/oberdiek/auxhook.sty
Package: auxhook 2016/05/16 v1.4 Hooks for auxiliary files (HO)
)
(/usr/share/texlive/texmf-dist/tex/latex/oberdiek/kvoptions.sty
Package: kvoptions 2016/05/16 v3.12 Key value format for package options (HO)
)
\@linkdim=\dimen127
\Hy@linkcounter=\count110
\Hy@pagecounter=\count111

(/usr/share/texlive/texmf-dist/tex/latex/hyperref/pd1enc.def
File: pd1enc.def 2018/02/06 v6.86b Hyperref: PDFDocEncoding definition (HO)
Now handling font encoding PD1 ...
... no UTF-8 mapping file for font encoding PD1
)
\Hy@SavedSpaceFactor=\count112

(/usr/share/texlive/texmf-dist/tex/latex/latexconfig/hyperref.cfg
File: hyperref.cfg 2002/06/06 v1.2 hyperref configuration of TeXLive
)
Package hyperref Info: Hyper figures OFF on input line 4509.
Package hyperref Info: Link nesting OFF on input line 4514.
Package hyperref Info: Hyper index ON on input line 4517.
Package hyperref Info: Plain pages OFF on input line 4524.
Package hyperref Info: Backreferencing OFF on input line 4529.
Package hyperref Info: Implicit mode ON; LaTeX internals redefined.
Package hyperref Info: Bookmarks ON on input line 4762.
\c@Hy@tempcnt=\count113

(/usr/share/texlive/texmf-dist/tex/latex/url/url.sty
\Urlmuskip=\muskip11
Package: url 2013/09/16  ver 3.4  Verb mode for urls, etc.
)
LaTeX Info: Redefining \url on input line 5115.
\XeTeXLinkMargin=\dimen128
\Fld@menulength=\count114
\Field@Width=\dimen129
\Fld@charsize=\dimen130
Package hyperref Info: Hyper figures OFF on input line 6369.
Package hyperref Info: Link nesting OFF on input line 6374.
Package hyperref Info: Hyper index ON on input line 6377.
Package hyperref Info: backreferencing OFF on input line 6384.
Package hyperref Info: Link coloring OFF on input line 6389.
Package hyperref Info: Link coloring with OCG OFF on input line 6394.
Package hyperref Info: PDF/A mode OFF on input line 6399.
LaTeX Info: Redefining \ref on input line 6439.
LaTeX Info: Redefining \pageref on input line 6443.
\Hy@abspage=\count115
\c@Item=\count116
\c@Hfootnote=\count117
)
Package hyperref Info: Driver (autodetected): hpdftex.

(/usr/share/texlive/texmf-dist/tex/latex/hyperref/hpdftex.def
File: hpdftex.def 2018/02/06 v6.86b Hyperref driver for pdfTeX
\Fld@listcount=\count118
\c@bookmark@seq@number=\count119

(/usr/share/texlive/texmf-dist/tex/latex/oberdiek/rerunfilecheck.sty
Package: rerunfilecheck 2016/05/16 v1.8 Rerun checks for auxiliary files (HO)
Package uniquecounter Info: New unique counter `rerunfilecheck' on input line 2
82.
)
\Hy@SectionHShift=\skip69
)
(/usr/share/texlive/texmf-dist/tex/latex/lettrine/lettrine.sty
File: lettrine.sty 2015/08/31 v1.9 (Daniel Flipo)
\c@DefaultLines=\count120
\c@DefaultDepth=\count121
\DefaultFindent=\dimen131
\DefaultNindent=\dimen132
\DefaultSlope=\dimen133
\DiscardVskip=\dimen134
\L@lbox=\box32
\L@tbox=\box33
\c@L@lines=\count122
\c@L@depth=\count123
\L@Pindent=\dimen135
\L@Findent=\dimen136
\L@Nindent=\dimen137
\L@lraise=\dimen138
\L@first=\dimen139
\L@next=\dimen140
\L@slope=\dimen141
\L@height=\dimen142
\L@novskip=\dimen143
\LettrineWidth=\dimen144
\LettrineHeight=\dimen145
\LettrineDepth=\dimen146

Loading lettrine.cfg
(/usr/share/texlive/texmf-dist/tex/latex/lettrine/lettrine.cfg))
(/usr/share/texlive/texmf-dist/tex/latex/enumitem/enumitem.sty
Package: enumitem 2011/09/28 v3.5.2 Customized lists
\labelindent=\skip70
\enit@outerparindent=\dimen147
\enit@toks=\toks36
\enit@inbox=\box34
\enitdp@description=\count124
)
(/usr/share/texlive/texmf-dist/tex/latex/chemformula/chemformula.sty
(/usr/share/texlive/texmf-dist/tex/latex/l3kernel/expl3.sty
Package: expl3 2018/02/21 L3 programming layer (loader) 

(/usr/share/texlive/texmf-dist/tex/latex/l3kernel/expl3-code.tex
Package: expl3 2018/02/21 L3 programming layer (code)
\c_max_int=\count125
\l_tmpa_int=\count126
\l_tmpb_int=\count127
\g_tmpa_int=\count128
\g_tmpb_int=\count129
\g__intarray_font_int=\count130
\g__prg_map_int=\count131
\c_log_iow=\count132
\l_iow_line_count_int=\count133
\l__iow_line_target_int=\count134
\l__iow_one_indent_int=\count135
\l__iow_indent_int=\count136
\c_zero_dim=\dimen148
\c_max_dim=\dimen149
\l_tmpa_dim=\dimen150
\l_tmpb_dim=\dimen151
\g_tmpa_dim=\dimen152
\g_tmpb_dim=\dimen153
\c_zero_skip=\skip71
\c_max_skip=\skip72
\l_tmpa_skip=\skip73
\l_tmpb_skip=\skip74
\g_tmpa_skip=\skip75
\g_tmpb_skip=\skip76
\c_zero_muskip=\muskip12
\c_max_muskip=\muskip13
\l_tmpa_muskip=\muskip14
\l_tmpb_muskip=\muskip15
\g_tmpa_muskip=\muskip16
\g_tmpb_muskip=\muskip17
\l_keys_choice_int=\count137
\c__fp_leading_shift_int=\count138
\c__fp_middle_shift_int=\count139
\c__fp_trailing_shift_int=\count140
\c__fp_big_leading_shift_int=\count141
\c__fp_big_middle_shift_int=\count142
\c__fp_big_trailing_shift_int=\count143
\c__fp_Bigg_leading_shift_int=\count144
\c__fp_Bigg_middle_shift_int=\count145
\c__fp_Bigg_trailing_shift_int=\count146
\c__fp_rand_size_int=\count147
\c__fp_rand_four_int=\count148
\c__fp_rand_eight_int=\count149
\l__sort_length_int=\count150
\l__sort_min_int=\count151
\l__sort_top_int=\count152
\l__sort_max_int=\count153
\l__sort_true_max_int=\count154
\l__sort_block_int=\count155
\l__sort_begin_int=\count156
\l__sort_end_int=\count157
\l__sort_A_int=\count158
\l__sort_B_int=\count159
\l__sort_C_int=\count160
\l__tl_build_start_index_int=\count161
\l__tl_build_index_int=\count162
\l__tl_analysis_normal_int=\count163
\l__tl_analysis_index_int=\count164
\l__tl_analysis_nesting_int=\count165
\l__tl_analysis_type_int=\count166
\l__regex_internal_a_int=\count167
\l__regex_internal_b_int=\count168
\l__regex_internal_c_int=\count169
\l__regex_balance_int=\count170
\l__regex_group_level_int=\count171
\l__regex_mode_int=\count172
\c__regex_cs_in_class_mode_int=\count173
\c__regex_cs_mode_int=\count174
\l__regex_catcodes_int=\count175
\l__regex_default_catcodes_int=\count176
\c__regex_catcode_D_int=\count177
\c__regex_catcode_S_int=\count178
\c__regex_catcode_L_int=\count179
\c__regex_catcode_O_int=\count180
\c__regex_catcode_A_int=\count181
\c__regex_all_catcodes_int=\count182
\l__regex_show_lines_int=\count183
\l__regex_min_state_int=\count184
\l__regex_max_state_int=\count185
\l__regex_left_state_int=\count186
\l__regex_right_state_int=\count187
\l__regex_capturing_group_int=\count188
\l__regex_min_pos_int=\count189
\l__regex_max_pos_int=\count190
\l__regex_curr_pos_int=\count191
\l__regex_start_pos_int=\count192
\l__regex_success_pos_int=\count193
\l__regex_curr_char_int=\count194
\l__regex_curr_catcode_int=\count195
\l__regex_last_char_int=\count196
\l__regex_case_changed_char_int=\count197
\l__regex_curr_state_int=\count198
\l__regex_step_int=\count199
\l__regex_min_active_int=\count266
\l__regex_max_active_int=\count267
\l__regex_replacement_csnames_int=\count268
\l__regex_match_count_int=\count269
\l__regex_min_submatch_int=\count270
\l__regex_submatch_int=\count271
\l__regex_zeroth_submatch_int=\count272
\g__regex_trace_regex_int=\count273
\c_empty_box=\box35
\l_tmpa_box=\box36
\l_tmpb_box=\box37
\g_tmpa_box=\box38
\g_tmpb_box=\box39
\l__box_top_dim=\dimen154
\l__box_bottom_dim=\dimen155
\l__box_left_dim=\dimen156
\l__box_right_dim=\dimen157
\l__box_top_new_dim=\dimen158
\l__box_bottom_new_dim=\dimen159
\l__box_left_new_dim=\dimen160
\l__box_right_new_dim=\dimen161
\l__box_internal_box=\box40
\l__coffin_internal_box=\box41
\l__coffin_internal_dim=\dimen162
\l__coffin_offset_x_dim=\dimen163
\l__coffin_offset_y_dim=\dimen164
\l__coffin_x_dim=\dimen165
\l__coffin_y_dim=\dimen166
\l__coffin_x_prime_dim=\dimen167
\l__coffin_y_prime_dim=\dimen168
\c_empty_coffin=\box42
\l__coffin_aligned_coffin=\box43
\l__coffin_aligned_internal_coffin=\box44
\l_tmpa_coffin=\box45
\l_tmpb_coffin=\box46
\l__coffin_display_coffin=\box47
\l__coffin_display_coord_coffin=\box48
\l__coffin_display_pole_coffin=\box49
\l__coffin_display_offset_dim=\dimen169
\l__coffin_display_x_dim=\dimen170
\l__coffin_display_y_dim=\dimen171
\l__coffin_bounding_shift_dim=\dimen172
\l__coffin_left_corner_dim=\dimen173
\l__coffin_right_corner_dim=\dimen174
\l__coffin_bottom_corner_dim=\dimen175
\l__coffin_top_corner_dim=\dimen176
\l__coffin_scaled_total_height_dim=\dimen177
\l__coffin_scaled_width_dim=\dimen178
)
(/usr/share/texlive/texmf-dist/tex/latex/l3kernel/l3pdfmode.def
File: l3pdfmode.def 2017/03/18 v L3 Experimental driver: PDF mode
\l__driver_color_stack_int=\count274
\l__driver_tmp_box=\box50
))
(/usr/share/texlive/texmf-dist/tex/latex/l3packages/xparse/xparse.sty
Package: xparse 2018/02/21 L3 Experimental document command parser
\l__xparse_current_arg_int=\count275
\g__xparse_grabber_int=\count276
\l__xparse_m_args_int=\count277
\l__xparse_mandatory_args_int=\count278
\l__xparse_v_nesting_int=\count279
)
(/usr/share/texlive/texmf-dist/tex/latex/l3packages/l3keys2e/l3keys2e.sty
Package: l3keys2e 2018/02/21 LaTeX2e option processing using LaTeX3 keys
)
(/usr/share/texlive/texmf-dist/tex/latex/pgf/frontendlayer/tikz.sty
(/usr/share/texlive/texmf-dist/tex/latex/pgf/basiclayer/pgf.sty
(/usr/share/texlive/texmf-dist/tex/latex/pgf/utilities/pgfrcs.sty
(/usr/share/texlive/texmf-dist/tex/generic/pgf/utilities/pgfutil-common.tex
\pgfutil@everybye=\toks37
\pgfutil@tempdima=\dimen179
\pgfutil@tempdimb=\dimen180

(/usr/share/texlive/texmf-dist/tex/generic/pgf/utilities/pgfutil-common-lists.t
ex)) (/usr/share/texlive/texmf-dist/tex/generic/pgf/utilities/pgfutil-latex.def
\pgfutil@abb=\box51
(/usr/share/texlive/texmf-dist/tex/latex/ms/everyshi.sty
Package: everyshi 2001/05/15 v3.00 EveryShipout Package (MS)
))
(/usr/share/texlive/texmf-dist/tex/generic/pgf/utilities/pgfrcs.code.tex
Package: pgfrcs 2015/08/07 v3.0.1a (rcs-revision 1.31)
))
Package: pgf 2015/08/07 v3.0.1a (rcs-revision 1.15)

(/usr/share/texlive/texmf-dist/tex/latex/pgf/basiclayer/pgfcore.sty
(/usr/share/texlive/texmf-dist/tex/latex/pgf/systemlayer/pgfsys.sty
(/usr/share/texlive/texmf-dist/tex/generic/pgf/systemlayer/pgfsys.code.tex
Package: pgfsys 2014/07/09 v3.0.1a (rcs-revision 1.48)

(/usr/share/texlive/texmf-dist/tex/generic/pgf/utilities/pgfkeys.code.tex
\pgfkeys@pathtoks=\toks38
\pgfkeys@temptoks=\toks39

(/usr/share/texlive/texmf-dist/tex/generic/pgf/utilities/pgfkeysfiltered.code.t
ex
\pgfkeys@tmptoks=\toks40
))
\pgf@x=\dimen181
\pgf@y=\dimen182
\pgf@xa=\dimen183
\pgf@ya=\dimen184
\pgf@xb=\dimen185
\pgf@yb=\dimen186
\pgf@xc=\dimen187
\pgf@yc=\dimen188
\w@pgf@writea=\write4
\r@pgf@reada=\read2
\c@pgf@counta=\count280
\c@pgf@countb=\count281
\c@pgf@countc=\count282
\c@pgf@countd=\count283
\t@pgf@toka=\toks41
\t@pgf@tokb=\toks42
\t@pgf@tokc=\toks43
 (/usr/share/texlive/texmf-dist/tex/generic/pgf/systemlayer/pgf.cfg
File: pgf.cfg 2008/05/14  (rcs-revision 1.7)
)
Driver file for pgf: pgfsys-pdftex.def

(/usr/share/texlive/texmf-dist/tex/generic/pgf/systemlayer/pgfsys-pdftex.def
File: pgfsys-pdftex.def 2014/10/11  (rcs-revision 1.35)

(/usr/share/texlive/texmf-dist/tex/generic/pgf/systemlayer/pgfsys-common-pdf.de
f
File: pgfsys-common-pdf.def 2013/10/10  (rcs-revision 1.13)
)))
(/usr/share/texlive/texmf-dist/tex/generic/pgf/systemlayer/pgfsyssoftpath.code.
tex
File: pgfsyssoftpath.code.tex 2013/09/09  (rcs-revision 1.9)
\pgfsyssoftpath@smallbuffer@items=\count284
\pgfsyssoftpath@bigbuffer@items=\count285
)
(/usr/share/texlive/texmf-dist/tex/generic/pgf/systemlayer/pgfsysprotocol.code.
tex
File: pgfsysprotocol.code.tex 2006/10/16  (rcs-revision 1.4)
)) (/usr/share/texlive/texmf-dist/tex/latex/xcolor/xcolor.sty
Package: xcolor 2016/05/11 v2.12 LaTeX color extensions (UK)

(/usr/share/texlive/texmf-dist/tex/latex/graphics-cfg/color.cfg
File: color.cfg 2016/01/02 v1.6 sample color configuration
)
Package xcolor Info: Driver file: pdftex.def on input line 225.
Package xcolor Info: Model `cmy' substituted by `cmy0' on input line 1348.
Package xcolor Info: Model `hsb' substituted by `rgb' on input line 1352.
Package xcolor Info: Model `RGB' extended on input line 1364.
Package xcolor Info: Model `HTML' substituted by `rgb' on input line 1366.
Package xcolor Info: Model `Hsb' substituted by `hsb' on input line 1367.
Package xcolor Info: Model `tHsb' substituted by `hsb' on input line 1368.
Package xcolor Info: Model `HSB' substituted by `hsb' on input line 1369.
Package xcolor Info: Model `Gray' substituted by `gray' on input line 1370.
Package xcolor Info: Model `wave' substituted by `hsb' on input line 1371.
)
(/usr/share/texlive/texmf-dist/tex/generic/pgf/basiclayer/pgfcore.code.tex
Package: pgfcore 2010/04/11 v3.0.1a (rcs-revision 1.7)

(/usr/share/texlive/texmf-dist/tex/generic/pgf/math/pgfmath.code.tex
(/usr/share/texlive/texmf-dist/tex/generic/pgf/math/pgfmathcalc.code.tex
(/usr/share/texlive/texmf-dist/tex/generic/pgf/math/pgfmathutil.code.tex)
(/usr/share/texlive/texmf-dist/tex/generic/pgf/math/pgfmathparser.code.tex
\pgfmath@dimen=\dimen189
\pgfmath@count=\count286
\pgfmath@box=\box52
\pgfmath@toks=\toks44
\pgfmath@stack@operand=\toks45
\pgfmath@stack@operation=\toks46
)
(/usr/share/texlive/texmf-dist/tex/generic/pgf/math/pgfmathfunctions.code.tex
(/usr/share/texlive/texmf-dist/tex/generic/pgf/math/pgfmathfunctions.basic.code
.tex)
(/usr/share/texlive/texmf-dist/tex/generic/pgf/math/pgfmathfunctions.trigonomet
ric.code.tex)
(/usr/share/texlive/texmf-dist/tex/generic/pgf/math/pgfmathfunctions.random.cod
e.tex)
(/usr/share/texlive/texmf-dist/tex/generic/pgf/math/pgfmathfunctions.comparison
.code.tex)
(/usr/share/texlive/texmf-dist/tex/generic/pgf/math/pgfmathfunctions.base.code.
tex)
(/usr/share/texlive/texmf-dist/tex/generic/pgf/math/pgfmathfunctions.round.code
.tex)
(/usr/share/texlive/texmf-dist/tex/generic/pgf/math/pgfmathfunctions.misc.code.
tex)
(/usr/share/texlive/texmf-dist/tex/generic/pgf/math/pgfmathfunctions.integerari
thmetics.code.tex)))
(/usr/share/texlive/texmf-dist/tex/generic/pgf/math/pgfmathfloat.code.tex
\c@pgfmathroundto@lastzeros=\count287
))
(/usr/share/texlive/texmf-dist/tex/generic/pgf/basiclayer/pgfcorepoints.code.te
x
File: pgfcorepoints.code.tex 2013/10/07  (rcs-revision 1.27)
\pgf@picminx=\dimen190
\pgf@picmaxx=\dimen191
\pgf@picminy=\dimen192
\pgf@picmaxy=\dimen193
\pgf@pathminx=\dimen194
\pgf@pathmaxx=\dimen195
\pgf@pathminy=\dimen196
\pgf@pathmaxy=\dimen197
\pgf@xx=\dimen198
\pgf@xy=\dimen199
\pgf@yx=\dimen256
\pgf@yy=\dimen257
\pgf@zx=\dimen258
\pgf@zy=\dimen259
)
(/usr/share/texlive/texmf-dist/tex/generic/pgf/basiclayer/pgfcorepathconstruct.
code.tex
File: pgfcorepathconstruct.code.tex 2013/10/07  (rcs-revision 1.29)
\pgf@path@lastx=\dimen260
\pgf@path@lasty=\dimen261
)
(/usr/share/texlive/texmf-dist/tex/generic/pgf/basiclayer/pgfcorepathusage.code
.tex
File: pgfcorepathusage.code.tex 2014/11/02  (rcs-revision 1.24)
\pgf@shorten@end@additional=\dimen262
\pgf@shorten@start@additional=\dimen263
)
(/usr/share/texlive/texmf-dist/tex/generic/pgf/basiclayer/pgfcorescopes.code.te
x
File: pgfcorescopes.code.tex 2015/05/08  (rcs-revision 1.46)
\pgfpic=\box53
\pgf@hbox=\box54
\pgf@layerbox@main=\box55
\pgf@picture@serial@count=\count288
)
(/usr/share/texlive/texmf-dist/tex/generic/pgf/basiclayer/pgfcoregraphicstate.c
ode.tex
File: pgfcoregraphicstate.code.tex 2014/11/02  (rcs-revision 1.12)
\pgflinewidth=\dimen264
)
(/usr/share/texlive/texmf-dist/tex/generic/pgf/basiclayer/pgfcoretransformation
s.code.tex
File: pgfcoretransformations.code.tex 2015/08/07  (rcs-revision 1.20)
\pgf@pt@x=\dimen265
\pgf@pt@y=\dimen266
\pgf@pt@temp=\dimen267
)
(/usr/share/texlive/texmf-dist/tex/generic/pgf/basiclayer/pgfcorequick.code.tex
File: pgfcorequick.code.tex 2008/10/09  (rcs-revision 1.3)
)
(/usr/share/texlive/texmf-dist/tex/generic/pgf/basiclayer/pgfcoreobjects.code.t
ex
File: pgfcoreobjects.code.tex 2006/10/11  (rcs-revision 1.2)
)
(/usr/share/texlive/texmf-dist/tex/generic/pgf/basiclayer/pgfcorepathprocessing
.code.tex
File: pgfcorepathprocessing.code.tex 2013/09/09  (rcs-revision 1.9)
)
(/usr/share/texlive/texmf-dist/tex/generic/pgf/basiclayer/pgfcorearrows.code.te
x
File: pgfcorearrows.code.tex 2015/05/14  (rcs-revision 1.43)
\pgfarrowsep=\dimen268
)
(/usr/share/texlive/texmf-dist/tex/generic/pgf/basiclayer/pgfcoreshade.code.tex
File: pgfcoreshade.code.tex 2013/07/15  (rcs-revision 1.15)
\pgf@max=\dimen269
\pgf@sys@shading@range@num=\count289
)
(/usr/share/texlive/texmf-dist/tex/generic/pgf/basiclayer/pgfcoreimage.code.tex
File: pgfcoreimage.code.tex 2013/07/15  (rcs-revision 1.18)

(/usr/share/texlive/texmf-dist/tex/generic/pgf/basiclayer/pgfcoreexternal.code.
tex
File: pgfcoreexternal.code.tex 2014/07/09  (rcs-revision 1.21)
\pgfexternal@startupbox=\box56
))
(/usr/share/texlive/texmf-dist/tex/generic/pgf/basiclayer/pgfcorelayers.code.te
x
File: pgfcorelayers.code.tex 2013/07/18  (rcs-revision 1.7)
)
(/usr/share/texlive/texmf-dist/tex/generic/pgf/basiclayer/pgfcoretransparency.c
ode.tex
File: pgfcoretransparency.code.tex 2013/09/30  (rcs-revision 1.5)
)
(/usr/share/texlive/texmf-dist/tex/generic/pgf/basiclayer/pgfcorepatterns.code.
tex
File: pgfcorepatterns.code.tex 2013/11/07  (rcs-revision 1.5)
)))
(/usr/share/texlive/texmf-dist/tex/generic/pgf/modules/pgfmoduleshapes.code.tex
File: pgfmoduleshapes.code.tex 2014/03/21  (rcs-revision 1.35)
\pgfnodeparttextbox=\box57
) (/usr/share/texlive/texmf-dist/tex/generic/pgf/modules/pgfmoduleplot.code.tex
File: pgfmoduleplot.code.tex 2015/08/03  (rcs-revision 1.13)
)
(/usr/share/texlive/texmf-dist/tex/latex/pgf/compatibility/pgfcomp-version-0-65
.sty
Package: pgfcomp-version-0-65 2007/07/03 v3.0.1a (rcs-revision 1.7)
\pgf@nodesepstart=\dimen270
\pgf@nodesepend=\dimen271
)
(/usr/share/texlive/texmf-dist/tex/latex/pgf/compatibility/pgfcomp-version-1-18
.sty
Package: pgfcomp-version-1-18 2007/07/23 v3.0.1a (rcs-revision 1.1)
)) (/usr/share/texlive/texmf-dist/tex/latex/pgf/utilities/pgffor.sty
(/usr/share/texlive/texmf-dist/tex/latex/pgf/utilities/pgfkeys.sty
(/usr/share/texlive/texmf-dist/tex/generic/pgf/utilities/pgfkeys.code.tex))
(/usr/share/texlive/texmf-dist/tex/latex/pgf/math/pgfmath.sty
(/usr/share/texlive/texmf-dist/tex/generic/pgf/math/pgfmath.code.tex))
(/usr/share/texlive/texmf-dist/tex/generic/pgf/utilities/pgffor.code.tex
Package: pgffor 2013/12/13 v3.0.1a (rcs-revision 1.25)

(/usr/share/texlive/texmf-dist/tex/generic/pgf/math/pgfmath.code.tex)
\pgffor@iter=\dimen272
\pgffor@skip=\dimen273
\pgffor@stack=\toks47
\pgffor@toks=\toks48
))
(/usr/share/texlive/texmf-dist/tex/generic/pgf/frontendlayer/tikz/tikz.code.tex
Package: tikz 2015/08/07 v3.0.1a (rcs-revision 1.151)

(/usr/share/texlive/texmf-dist/tex/generic/pgf/libraries/pgflibraryplothandlers
.code.tex
File: pgflibraryplothandlers.code.tex 2013/08/31 v3.0.1a (rcs-revision 1.20)
\pgf@plot@mark@count=\count290
\pgfplotmarksize=\dimen274
)
\tikz@lastx=\dimen275
\tikz@lasty=\dimen276
\tikz@lastxsaved=\dimen277
\tikz@lastysaved=\dimen278
\tikzleveldistance=\dimen279
\tikzsiblingdistance=\dimen280
\tikz@figbox=\box58
\tikz@figbox@bg=\box59
\tikz@tempbox=\box60
\tikz@tempbox@bg=\box61
\tikztreelevel=\count291
\tikznumberofchildren=\count292
\tikznumberofcurrentchild=\count293
\tikz@fig@count=\count294

(/usr/share/texlive/texmf-dist/tex/generic/pgf/modules/pgfmodulematrix.code.tex
File: pgfmodulematrix.code.tex 2013/09/17  (rcs-revision 1.8)
\pgfmatrixcurrentrow=\count295
\pgfmatrixcurrentcolumn=\count296
\pgf@matrix@numberofcolumns=\count297
)
\tikz@expandcount=\count298

(/usr/share/texlive/texmf-dist/tex/generic/pgf/frontendlayer/tikz/libraries/tik
zlibrarytopaths.code.tex
File: tikzlibrarytopaths.code.tex 2008/06/17 v3.0.1a (rcs-revision 1.2)
)))
(/usr/share/texlive/texmf-dist/tex/latex/l3packages/xfrac/xfrac.sty
(/usr/share/texlive/texmf-dist/tex/latex/base/textcomp.sty
Package: textcomp 2017/04/05 v2.0i Standard LaTeX package
Package textcomp Info: Sub-encoding information:
(textcomp)               5 = only ISO-Adobe without \textcurrency
(textcomp)               4 = 5 + \texteuro
(textcomp)               3 = 4 + \textohm
(textcomp)               2 = 3 + \textestimated + \textcurrency
(textcomp)               1 = TS1 - \textcircled - \t
(textcomp)               0 = TS1 (full)
(textcomp)             Font families with sub-encoding setting implement
(textcomp)             only a restricted character set as indicated.
(textcomp)             Family '?' is the default used for unknown fonts.
(textcomp)             See the documentation for details.
Package textcomp Info: Setting ? sub-encoding to TS1/1 on input line 79.

(/usr/share/texlive/texmf-dist/tex/latex/base/ts1enc.def
File: ts1enc.def 2001/06/05 v3.0e (jk/car/fm) Standard LaTeX file
Now handling font encoding TS1 ...
... processing UTF-8 mapping file for font encoding TS1

(/usr/share/texlive/texmf-dist/tex/latex/base/ts1enc.dfu
File: ts1enc.dfu 2017/01/28 v1.1t UTF-8 support for inputenc
   defining Unicode char U+00A2 (decimal 162)
   defining Unicode char U+00A3 (decimal 163)
   defining Unicode char U+00A4 (decimal 164)
   defining Unicode char U+00A5 (decimal 165)
   defining Unicode char U+00A6 (decimal 166)
   defining Unicode char U+00A7 (decimal 167)
   defining Unicode char U+00A8 (decimal 168)
   defining Unicode char U+00A9 (decimal 169)
   defining Unicode char U+00AA (decimal 170)
   defining Unicode char U+00AC (decimal 172)
   defining Unicode char U+00AE (decimal 174)
   defining Unicode char U+00AF (decimal 175)
   defining Unicode char U+00B0 (decimal 176)
   defining Unicode char U+00B1 (decimal 177)
   defining Unicode char U+00B2 (decimal 178)
   defining Unicode char U+00B3 (decimal 179)
   defining Unicode char U+00B4 (decimal 180)
   defining Unicode char U+00B5 (decimal 181)
   defining Unicode char U+00B6 (decimal 182)
   defining Unicode char U+00B7 (decimal 183)
   defining Unicode char U+00B9 (decimal 185)
   defining Unicode char U+00BA (decimal 186)
   defining Unicode char U+00BC (decimal 188)
   defining Unicode char U+00BD (decimal 189)
   defining Unicode char U+00BE (decimal 190)
   defining Unicode char U+00D7 (decimal 215)
   defining Unicode char U+00F7 (decimal 247)
   defining Unicode char U+0192 (decimal 402)
   defining Unicode char U+02C7 (decimal 711)
   defining Unicode char U+02D8 (decimal 728)
   defining Unicode char U+02DD (decimal 733)
   defining Unicode char U+0E3F (decimal 3647)
   defining Unicode char U+2016 (decimal 8214)
   defining Unicode char U+2020 (decimal 8224)
   defining Unicode char U+2021 (decimal 8225)
   defining Unicode char U+2022 (decimal 8226)
   defining Unicode char U+2030 (decimal 8240)
   defining Unicode char U+2031 (decimal 8241)
   defining Unicode char U+203B (decimal 8251)
   defining Unicode char U+203D (decimal 8253)
   defining Unicode char U+2044 (decimal 8260)
   defining Unicode char U+204E (decimal 8270)
   defining Unicode char U+2052 (decimal 8274)
   defining Unicode char U+20A1 (decimal 8353)
   defining Unicode char U+20A4 (decimal 8356)
   defining Unicode char U+20A6 (decimal 8358)
   defining Unicode char U+20A9 (decimal 8361)
   defining Unicode char U+20AB (decimal 8363)
   defining Unicode char U+20AC (decimal 8364)
   defining Unicode char U+20B1 (decimal 8369)
   defining Unicode char U+2103 (decimal 8451)
   defining Unicode char U+2116 (decimal 8470)
   defining Unicode char U+2117 (decimal 8471)
   defining Unicode char U+211E (decimal 8478)
   defining Unicode char U+2120 (decimal 8480)
   defining Unicode char U+2122 (decimal 8482)
   defining Unicode char U+2126 (decimal 8486)
   defining Unicode char U+2127 (decimal 8487)
   defining Unicode char U+212E (decimal 8494)
   defining Unicode char U+2190 (decimal 8592)
   defining Unicode char U+2191 (decimal 8593)
   defining Unicode char U+2192 (decimal 8594)
   defining Unicode char U+2193 (decimal 8595)
   defining Unicode char U+2329 (decimal 9001)
   defining Unicode char U+232A (decimal 9002)
   defining Unicode char U+2422 (decimal 9250)
   defining Unicode char U+25E6 (decimal 9702)
   defining Unicode char U+25EF (decimal 9711)
   defining Unicode char U+266A (decimal 9834)
))
LaTeX Info: Redefining \oldstylenums on input line 334.
Package textcomp Info: Setting cmr sub-encoding to TS1/0 on input line 349.
Package textcomp Info: Setting cmss sub-encoding to TS1/0 on input line 350.
Package textcomp Info: Setting cmtt sub-encoding to TS1/0 on input line 351.
Package textcomp Info: Setting cmvtt sub-encoding to TS1/0 on input line 352.
Package textcomp Info: Setting cmbr sub-encoding to TS1/0 on input line 353.
Package textcomp Info: Setting cmtl sub-encoding to TS1/0 on input line 354.
Package textcomp Info: Setting ccr sub-encoding to TS1/0 on input line 355.
Package textcomp Info: Setting ptm sub-encoding to TS1/4 on input line 356.
Package textcomp Info: Setting pcr sub-encoding to TS1/4 on input line 357.
Package textcomp Info: Setting phv sub-encoding to TS1/4 on input line 358.
Package textcomp Info: Setting ppl sub-encoding to TS1/3 on input line 359.
Package textcomp Info: Setting pag sub-encoding to TS1/4 on input line 360.
Package textcomp Info: Setting pbk sub-encoding to TS1/4 on input line 361.
Package textcomp Info: Setting pnc sub-encoding to TS1/4 on input line 362.
Package textcomp Info: Setting pzc sub-encoding to TS1/4 on input line 363.
Package textcomp Info: Setting bch sub-encoding to TS1/4 on input line 364.
Package textcomp Info: Setting put sub-encoding to TS1/5 on input line 365.
Package textcomp Info: Setting uag sub-encoding to TS1/5 on input line 366.
Package textcomp Info: Setting ugq sub-encoding to TS1/5 on input line 367.
Package textcomp Info: Setting ul8 sub-encoding to TS1/4 on input line 368.
Package textcomp Info: Setting ul9 sub-encoding to TS1/4 on input line 369.
Package textcomp Info: Setting augie sub-encoding to TS1/5 on input line 370.
Package textcomp Info: Setting dayrom sub-encoding to TS1/3 on input line 371.
Package textcomp Info: Setting dayroms sub-encoding to TS1/3 on input line 372.

Package textcomp Info: Setting pxr sub-encoding to TS1/0 on input line 373.
Package textcomp Info: Setting pxss sub-encoding to TS1/0 on input line 374.
Package textcomp Info: Setting pxtt sub-encoding to TS1/0 on input line 375.
Package textcomp Info: Setting txr sub-encoding to TS1/0 on input line 376.
Package textcomp Info: Setting txss sub-encoding to TS1/0 on input line 377.
Package textcomp Info: Setting txtt sub-encoding to TS1/0 on input line 378.
Package textcomp Info: Setting lmr sub-encoding to TS1/0 on input line 379.
Package textcomp Info: Setting lmdh sub-encoding to TS1/0 on input line 380.
Package textcomp Info: Setting lmss sub-encoding to TS1/0 on input line 381.
Package textcomp Info: Setting lmssq sub-encoding to TS1/0 on input line 382.
Package textcomp Info: Setting lmvtt sub-encoding to TS1/0 on input line 383.
Package textcomp Info: Setting lmtt sub-encoding to TS1/0 on input line 384.
Package textcomp Info: Setting qhv sub-encoding to TS1/0 on input line 385.
Package textcomp Info: Setting qag sub-encoding to TS1/0 on input line 386.
Package textcomp Info: Setting qbk sub-encoding to TS1/0 on input line 387.
Package textcomp Info: Setting qcr sub-encoding to TS1/0 on input line 388.
Package textcomp Info: Setting qcs sub-encoding to TS1/0 on input line 389.
Package textcomp Info: Setting qpl sub-encoding to TS1/0 on input line 390.
Package textcomp Info: Setting qtm sub-encoding to TS1/0 on input line 391.
Package textcomp Info: Setting qzc sub-encoding to TS1/0 on input line 392.
Package textcomp Info: Setting qhvc sub-encoding to TS1/0 on input line 393.
Package textcomp Info: Setting futs sub-encoding to TS1/4 on input line 394.
Package textcomp Info: Setting futx sub-encoding to TS1/4 on input line 395.
Package textcomp Info: Setting futj sub-encoding to TS1/4 on input line 396.
Package textcomp Info: Setting hlh sub-encoding to TS1/3 on input line 397.
Package textcomp Info: Setting hls sub-encoding to TS1/3 on input line 398.
Package textcomp Info: Setting hlst sub-encoding to TS1/3 on input line 399.
Package textcomp Info: Setting hlct sub-encoding to TS1/5 on input line 400.
Package textcomp Info: Setting hlx sub-encoding to TS1/5 on input line 401.
Package textcomp Info: Setting hlce sub-encoding to TS1/5 on input line 402.
Package textcomp Info: Setting hlcn sub-encoding to TS1/5 on input line 403.
Package textcomp Info: Setting hlcw sub-encoding to TS1/5 on input line 404.
Package textcomp Info: Setting hlcf sub-encoding to TS1/5 on input line 405.
Package textcomp Info: Setting pplx sub-encoding to TS1/3 on input line 406.
Package textcomp Info: Setting pplj sub-encoding to TS1/3 on input line 407.
Package textcomp Info: Setting ptmx sub-encoding to TS1/4 on input line 408.
Package textcomp Info: Setting ptmj sub-encoding to TS1/4 on input line 409.
)
(/usr/share/texlive/texmf-dist/tex/latex/l3packages/xtemplate/xtemplate.sty
Package: xtemplate 2018/02/21 L3 Experimental prototype document functions
\l__xtemplate_tmp_dim=\dimen281
\l__xtemplate_tmp_int=\count299
\l__xtemplate_tmp_muskip=\muskip18
\l__xtemplate_tmp_skip=\skip77
)
Package: xfrac 2018/02/21 L3 Experimental split-level fractions
\l__xfrac_slash_box=\box62
\l__xfrac_tmp_box=\box63
\l__xfrac_denominator_bot_sep_dim=\dimen282
\l__xfrac_numerator_bot_sep_dim=\dimen283
\l__xfrac_numerator_top_sep_dim=\dimen284
\l__xfrac_slash_left_sep_dim=\dimen285
\l__xfrac_slash_right_sep_dim=\dimen286
\l__xfrac_slash_left_muskip=\muskip19
\l__xfrac_slash_right_muskip=\muskip20
.................................................
. xtemplate info: "declare-object-type"
. 
. Declaring object type 'xfrac' taking 3 argument(s) on line 80.
.................................................
.................................................
. LaTeX info: "xparse/define-command"
. 
. Defining command \sfrac with sig. 'omom' on line 420.
.................................................
)
(/usr/share/texlive/texmf-dist/tex/latex/units/nicefrac.sty
Package: nicefrac 1998/08/04 v0.9b Nice fractions
\L@UnitsRaiseDisplaystyle=\skip78
\L@UnitsRaiseTextstyle=\skip79
\L@UnitsRaiseScriptstyle=\skip80

(/usr/share/texlive/texmf-dist/tex/latex/base/ifthen.sty
Package: ifthen 2014/09/29 v1.1c Standard LaTeX ifthen package (DPC)
))
(/usr/share/texlive/texmf-dist/tex/latex/koma-script/scrlfile.sty
Package: scrlfile 2017/09/07 v3.24 KOMA-Script package (loading files)
)
(/usr/share/texlive/texmf-dist/tex/generic/pgf/libraries/pgflibraryarrows.meta.
code.tex
File: pgflibraryarrows.meta.code.tex 2015/05/13 v3.0.1a (rcs-revision 1.13)
\pgfarrowinset=\dimen287
\pgfarrowlength=\dimen288
\pgfarrowwidth=\dimen289
\pgfarrowlinewidth=\dimen290
)
Package: chemformula 2017/03/23 v4.15e typeset chemical compounds and reactions
 (CN)
\l__chemformula_tmpa_dim=\dimen291
\l__chemformula_tmpb_dim=\dimen292
\l__chemformula_tmpc_dim=\dimen293
\l__chemformula_tmpa_int=\count300
\l__chemformula_tmpb_int=\count301
\l__chemformula_tmpc_int=\count302
\l__chemformula_tmpa_box=\box64
\l__chemformula_tmpb_box=\box65
\l__chemformula_arrow_length_dim=\dimen294
\l__chemformula_arrow_label_height_dim=\dimen295
\l__chemformula_arrow_label_offset_dim=\dimen296
\l__chemformula_arrow_minimum_length_dim=\dimen297
\l__chemformula_arrow_shortage_dim=\dimen298
\l__chemformula_arrow_offset_dim=\dimen299
\l__chemformula_arrow_yshift_dim=\dimen300
\l__chemformula_radical_radius_dim=\dimen301
\l__chemformula_radical_hshift_dim=\dimen302
\l__chemformula_radical_vshift_dim=\dimen303
\l__chemformula_radical_space_dim=\dimen304
\l__chemformula_arrow_head_dim=\dimen305
\l__chemformula_name_dim=\dimen306
\l__chemformula_adduct_space_dim=\dimen307
\l__chemformula_charge_shift_dim=\dimen308
\l__chemformula_subscript_shift_dim=\dimen309
\l__chemformula_superscript_shift_dim=\dimen310
\l__chemformula_subscript_dim=\dimen311
\l__chemformula_superscript_dim=\dimen312
\l__chemformula_bond_dim=\dimen313
\l__chemformula_bond_space_dim=\dimen314
\l__chemformula_elspec_pair_distance_dim=\dimen315
\l__chemformula_elspec_pair_line_length_dim=\dimen316
\l__chemformula_elspec_pair_width_dim=\dimen317
\l__chemformula_kroegervink_positive_radius_dim=\dimen318
\l__chemformula_kroegervink_positive_hshift_dim=\dimen319
\l__chemformula_kroegervink_positive_vshift_dim=\dimen320
\l__chemformula_kroegervink_positive_space_dim=\dimen321
\l__chemformula_stoich_space_skip=\skip81
\l__chemformula_math_space_skip=\skip82
\l__chemformula_count_tokens_int=\count303
\g__chemformula_lewis_int=\count304
\l__chemformula_arrow_arg_i_box=\box66
\l__chemformula_arrow_arg_ii_box=\box67
\l__chemformula_superscript_box=\box68
\l__chemformula_subscript_box=\box69
.................................................
. LaTeX info: "xparse/define-command"
. 
. Defining command \charrow with sig. 'mO{}O{}' on line 823.
.................................................
.................................................
. LaTeX info: "xparse/define-command"
. 
. Defining command \NewChemArrow with sig. 'mm' on line 896.
.................................................
.................................................
. LaTeX info: "xparse/define-command"
. 
. Defining command \DeclareChemArrow with sig. 'mm' on line 904.
.................................................
.................................................
. LaTeX info: "xparse/define-command"
. 
. Defining command \RenewChemArrow with sig. 'mm' on line 911.
.................................................
.................................................
. LaTeX info: "xparse/define-command"
. 
. Defining command \ProvideChemArrow with sig. 'mm' on line 921.
.................................................
.................................................
. LaTeX info: "xparse/define-command"
. 
. Defining command \ShowChemArrow with sig. 'm' on line 931.
.................................................
.................................................
. LaTeX info: "xparse/define-command"
. 
. Defining command \ch with sig. 'O{}m' on line 1176.
.................................................
.................................................
. LaTeX info: "xparse/define-command"
. 
. Defining command \chcpd with sig. 'O{}m' on line 1198.
.................................................
.................................................
. LaTeX info: "xparse/define-command"
. 
. Defining command \chname with sig. 'R(){}R(){}' on line 1276.
.................................................
.................................................
. LaTeX info: "xparse/define-command"
. 
. Defining command \NewChemCompoundProperty with sig. 'mm' on line 1361.
.................................................
.................................................
. LaTeX info: "xparse/define-command"
. 
. Defining command \RenewChemCompoundProperty with sig. 'mm' on line 1364.
.................................................
.................................................
. LaTeX info: "xparse/define-command"
. 
. Defining command \ProvideChemCompoundProperty with sig. 'mm' on line 1367.
.................................................
.................................................
. LaTeX info: "xparse/define-command"
. 
. Defining command \DeclareChemCompoundProperty with sig. 'mm' on line 1370.
.................................................
.................................................
. LaTeX info: "xparse/define-command"
. 
. Defining command \RemoveChemCompoundProperty with sig. 'm' on line 1373.
.................................................
.................................................
. LaTeX info: "xparse/define-command"
. 
. Defining command \NewChemBond with sig. 'mm' on line 1571.
.................................................
.................................................
. LaTeX info: "xparse/define-command"
. 
. Defining command \ProvideChemBond with sig. 'mm' on line 1574.
.................................................
.................................................
. LaTeX info: "xparse/define-command"
. 
. Defining command \DeclareChemBond with sig. 'mm' on line 1577.
.................................................
.................................................
. LaTeX info: "xparse/define-command"
. 
. Defining command \RenewChemBond with sig. 'mm' on line 1580.
.................................................
.................................................
. LaTeX info: "xparse/define-command"
. 
. Defining command \NewChemBondAlias with sig. 'mm' on line 1583.
.................................................
.................................................
. LaTeX info: "xparse/define-command"
. 
. Defining command \DeclareChemBondAlias with sig. 'mm' on line 1586.
.................................................
.................................................
. LaTeX info: "xparse/define-command"
. 
. Defining command \ShowChemBond with sig. 'm' on line 1589.
.................................................
.................................................
. LaTeX info: "xparse/define-command"
. 
. Defining command \bond with sig. 'm' on line 1592.
.................................................
.................................................
. LaTeX info: "xparse/define-command"
. 
. Defining command \chstoich with sig. 'm' on line 2191.
.................................................
\l__chemformula_additions_symbol_space_skip=\skip83
.................................................
. LaTeX info: "xparse/define-command"
. 
. Defining command \NewChemAdditionSymbol with sig. 'mmm' on line 2697.
.................................................
.................................................
. LaTeX info: "xparse/define-command"
. 
. Defining command \ProvideChemAdditionSymbol with sig. 'mmm' on line 2706.
.................................................
.................................................
. LaTeX info: "xparse/define-command"
. 
. Defining command \RenewChemAdditionSymbol with sig. 'mmm' on line 2715.
.................................................
.................................................
. LaTeX info: "xparse/define-command"
. 
. Defining command \DeclareChemAdditionSymbol with sig. 'mmm' on line 2718.
.................................................
\l__chemformula_plus_space_skip=\skip84
\l__chemformula_minus_space_skip=\skip85
.................................................
. LaTeX info: "xparse/define-command"
. 
. Defining command \NewChemSymbol with sig. 'mm' on line 2763.
.................................................
.................................................
. LaTeX info: "xparse/define-command"
. 
. Defining command \ProvideChemSymbol with sig. 'mm' on line 2769.
.................................................
.................................................
. LaTeX info: "xparse/define-command"
. 
. Defining command \RenewChemSymbol with sig. 'mm' on line 2776.
.................................................
.................................................
. LaTeX info: "xparse/define-command"
. 
. Defining command \DeclareChemSymbol with sig. 'mm' on line 2779.
.................................................
.................................................
. LaTeX info: "xparse/define-command"
. 
. Defining command \chlewis with sig. 'O{}mm' on line 3334.
.................................................
.................................................
. LaTeX info: "xparse/define-command"
. 
. Defining command \setchemformula with sig. 'm' on line 3339.
.................................................
) (/usr/share/texlive/texmf-dist/tex/latex/elements/elements.sty
Package: elements 2018/01/31 v0.2c properties of chemical elements

(/usr/share/texlive/texmf-dist/tex/latex/etoolbox/etoolbox.sty
Package: etoolbox 2018/02/11 v2.5e e-TeX tools for LaTeX (JAW)
\etb@tempcnta=\count305
)
\c@@elements@orbital@type=\count306
\c@@elements@shell@number=\count307

(/usr/share/texlive/texmf-dist/tex/latex/translations/translations.sty
Package: translations 2017/08/31 v1.7a internationalization of LaTeX2e packages
 (CN)
))
(/usr/share/texlive/texmf-dist/tex/latex/tools/multicol.sty
Package: multicol 2017/04/11 v1.8q multicolumn formatting (FMi)
\c@tracingmulticols=\count308
\mult@box=\box70
\multicol@leftmargin=\dimen322
\c@unbalance=\count309
\c@collectmore=\count310
\doublecol@number=\count311
\multicoltolerance=\count312
\multicolpretolerance=\count313
\full@width=\dimen323
\page@free=\dimen324
\premulticols=\dimen325
\postmulticols=\dimen326
\multicolsep=\skip86
\multicolbaselineskip=\skip87
\partial@page=\box71
\last@line=\box72
\maxbalancingoverflow=\dimen327
\mult@rightbox=\box73
\mult@grightbox=\box74
\mult@gfirstbox=\box75
\mult@firstbox=\box76
\@tempa=\box77
\@tempa=\box78
\@tempa=\box79
\@tempa=\box80
\@tempa=\box81
\@tempa=\box82
\@tempa=\box83
\@tempa=\box84
\@tempa=\box85
\@tempa=\box86
\@tempa=\box87
\@tempa=\box88
\@tempa=\box89
\@tempa=\box90
\@tempa=\box91
\@tempa=\box92
\@tempa=\box93
\c@columnbadness=\count314
\c@finalcolumnbadness=\count315
\last@try=\dimen328
\multicolovershoot=\dimen329
\multicolundershoot=\dimen330
\mult@nat@firstbox=\box94
\colbreak@box=\box95
\mc@col@check@num=\count316
)
(/usr/share/texlive/texmf-dist/tex/latex/mdframed/mdframed.sty
Package: mdframed 2013/07/01 1.9b: mdframed

(/usr/share/texlive/texmf-dist/tex/latex/oberdiek/zref-abspage.sty
Package: zref-abspage 2016/05/21 v2.26 Module abspage for zref (HO)

(/usr/share/texlive/texmf-dist/tex/latex/oberdiek/zref-base.sty
Package: zref-base 2016/05/21 v2.26 Module base for zref (HO)
Package zref Info: New property list: main on input line 759.
Package zref Info: New property: default on input line 760.
Package zref Info: New property: page on input line 761.
)
\c@abspage=\count317
Package zref Info: New property: abspage on input line 62.
)
(/usr/share/texlive/texmf-dist/tex/latex/needspace/needspace.sty
Package: needspace 2010/09/12 v1.3d reserve vertical space
)
\mdf@templength=\skip88
\c@mdf@globalstyle@cnt=\count318
\mdf@skipabove@length=\skip89
\mdf@skipbelow@length=\skip90
\mdf@leftmargin@length=\skip91
\mdf@rightmargin@length=\skip92
\mdf@innerleftmargin@length=\skip93
\mdf@innerrightmargin@length=\skip94
\mdf@innertopmargin@length=\skip95
\mdf@innerbottommargin@length=\skip96
\mdf@splittopskip@length=\skip97
\mdf@splitbottomskip@length=\skip98
\mdf@outermargin@length=\skip99
\mdf@innermargin@length=\skip100
\mdf@linewidth@length=\skip101
\mdf@innerlinewidth@length=\skip102
\mdf@middlelinewidth@length=\skip103
\mdf@outerlinewidth@length=\skip104
\mdf@roundcorner@length=\skip105
\mdf@footenotedistance@length=\skip106
\mdf@userdefinedwidth@length=\skip107
\mdf@needspace@length=\skip108
\mdf@frametitleaboveskip@length=\skip109
\mdf@frametitlebelowskip@length=\skip110
\mdf@frametitlerulewidth@length=\skip111
\mdf@frametitleleftmargin@length=\skip112
\mdf@frametitlerightmargin@length=\skip113
\mdf@shadowsize@length=\skip114
\mdf@extratopheight@length=\skip115
\mdf@subtitleabovelinewidth@length=\skip116
\mdf@subtitlebelowlinewidth@length=\skip117
\mdf@subtitleaboveskip@length=\skip118
\mdf@subtitlebelowskip@length=\skip119
\mdf@subtitleinneraboveskip@length=\skip120
\mdf@subtitleinnerbelowskip@length=\skip121
\mdf@subsubtitleabovelinewidth@length=\skip122
\mdf@subsubtitlebelowlinewidth@length=\skip123
\mdf@subsubtitleaboveskip@length=\skip124
\mdf@subsubtitlebelowskip@length=\skip125
\mdf@subsubtitleinneraboveskip@length=\skip126
\mdf@subsubtitleinnerbelowskip@length=\skip127

(/usr/share/texlive/texmf-dist/tex/latex/mdframed/md-frame-0.mdf
File: md-frame-0.mdf 2013/07/01\ 1.9b: md-frame-0
)
\mdf@frametitlebox=\box96
\mdf@footnotebox=\box97
\mdf@splitbox@one=\box98
\mdf@splitbox@two=\box99
\mdf@splitbox@save=\box100
\mdfsplitboxwidth=\skip128
\mdfsplitboxtotalwidth=\skip129
\mdfsplitboxheight=\skip130
\mdfsplitboxdepth=\skip131
\mdfsplitboxtotalheight=\skip132
\mdfframetitleboxwidth=\skip133
\mdfframetitleboxtotalwidth=\skip134
\mdfframetitleboxheight=\skip135
\mdfframetitleboxdepth=\skip136
\mdfframetitleboxtotalheight=\skip137
\mdffootnoteboxwidth=\skip138
\mdffootnoteboxtotalwidth=\skip139
\mdffootnoteboxheight=\skip140
\mdffootnoteboxdepth=\skip141
\mdffootnoteboxtotalheight=\skip142
\mdftotallinewidth=\skip143
\mdfboundingboxwidth=\skip144
\mdfboundingboxtotalwidth=\skip145
\mdfboundingboxheight=\skip146
\mdfboundingboxdepth=\skip147
\mdfboundingboxtotalheight=\skip148
\mdf@freevspace@length=\skip149
\mdf@horizontalwidthofbox@length=\skip150
\mdf@verticalmarginwhole@length=\skip151
\mdf@horizontalspaceofbox=\skip152
\mdfsubtitleheight=\skip153
\mdfsubsubtitleheight=\skip154
\c@mdfcountframes=\count319

****** mdframed patching \endmdf@trivlist

****** -- success******

.................................................
. LaTeX info: "xparse/define-command"
. 
. Defining command \newmdtheoremenv with sig. 'O{} m o m o ' on line 601.
.................................................
.................................................
. LaTeX info: "xparse/define-command"
. 
. Defining command \mdtheorem with sig. ' O{} m o m o ' on line 701.
.................................................
\mdf@envdepth=\count320
\c@mdf@env@i=\count321
\c@mdf@env@ii=\count322
\c@mdf@zref@counter=\count323
Package zref Info: New property: mdf@pagevalue on input line 895.
)
(/usr/share/texlive/texmf-dist/tex/latex/soul/soul.sty
Package: soul 2003/11/17 v2.4 letterspacing/underlining (mf)
\SOUL@word=\toks49
\SOUL@lasttoken=\toks50
\SOUL@cmds=\toks51
\SOUL@buffer=\toks52
\SOUL@token=\toks53
\SOUL@spaceskip=\skip155
\SOUL@ttwidth=\dimen331
\SOUL@uldp=\dimen332
\SOUL@ulht=\dimen333
)
(/usr/share/texlive/texmf-dist/tex/latex/extsizes/extsizes.sty
Package: extsizes 1996/10/08 v1.0 Non Standard LaTeX Package


Package ExtSizes Warning: It is better to use one of the extsizes classes,
 if you can.

(/usr/share/texlive/texmf-dist/tex/latex/extsizes/size14.clo
File: size14.clo 1999/11/11 v1.4a NON-Standard LaTeX file (size option)
))
(/usr/share/texlive/texmf-dist/tex/latex/base/fontenc.sty
Package: fontenc 2017/04/05 v2.0i Standard LaTeX package

(/usr/share/texlive/texmf-dist/tex/latex/base/t1enc.def
File: t1enc.def 2017/04/05 v2.0i Standard LaTeX file
LaTeX Font Info:    Redeclaring font encoding T1 on input line 48.
))
(/usr/share/texlive/texmf-dist/tex/latex/librebaskerville/librebaskerville.sty
Package: librebaskerville 2012/12/01 (Bob Tennent) Supports LibreBaskerville fo
nts for all LaTeX engines. 

(/usr/share/texlive/texmf-dist/tex/latex/xkeyval/xkeyval.sty
Package: xkeyval 2014/12/03 v2.7a package option processing (HA)

(/usr/share/texlive/texmf-dist/tex/generic/xkeyval/xkeyval.tex
(/usr/share/texlive/texmf-dist/tex/generic/xkeyval/xkvutils.tex
\XKV@toks=\toks54
\XKV@tempa@toks=\toks55
)
\XKV@depth=\count324
File: xkeyval.tex 2014/12/03 v2.7a key=value parser (HA)
))
(/usr/share/texlive/texmf-dist/tex/latex/base/fontenc.sty
Package: fontenc 2017/04/05 v2.0i Standard LaTeX package
)
(/usr/share/texlive/texmf-dist/tex/latex/fontaxes/fontaxes.sty
Package: fontaxes 2014/03/23 v1.0d Font selection axes
LaTeX Info: Redefining \upshape on input line 29.
LaTeX Info: Redefining \itshape on input line 31.
LaTeX Info: Redefining \slshape on input line 33.
LaTeX Info: Redefining \scshape on input line 37.
))
(/usr/share/texlive/texmf-dist/tex/latex/booktabs/booktabs.sty
Package: booktabs 2016/04/27 v1.618033 publication quality tables
\heavyrulewidth=\dimen334
\lightrulewidth=\dimen335
\cmidrulewidth=\dimen336
\belowrulesep=\dimen337
\belowbottomsep=\dimen338
\aboverulesep=\dimen339
\abovetopsep=\dimen340
\cmidrulesep=\dimen341
\cmidrulekern=\dimen342
\defaultaddspace=\dimen343
\@cmidla=\count325
\@cmidlb=\count326
\@aboverulesep=\dimen344
\@belowrulesep=\dimen345
\@thisruleclass=\count327
\@lastruleclass=\count328
\@thisrulewidth=\dimen346
)
(/usr/share/texlive/texmf-dist/tex/latex/caption/caption.sty
Package: caption 2016/02/21 v3.3-144 Customizing captions (AR)

(/usr/share/texlive/texmf-dist/tex/latex/caption/caption3.sty
Package: caption3 2016/05/22 v1.7-166 caption3 kernel (AR)
Package caption3 Info: TeX engine: e-TeX on input line 67.
\captionmargin=\dimen347
\captionmargin@=\dimen348
\captionwidth=\dimen349
\caption@tempdima=\dimen350
\caption@indent=\dimen351
\caption@parindent=\dimen352
\caption@hangindent=\dimen353
)
\c@ContinuedFloat=\count329
Package caption Info: float package is loaded.
Package caption Info: hyperref package is loaded.
Package caption Info: subfigure package is loaded.
)
(/usr/share/texlive/texmf-dist/tex/latex/numprint/numprint.sty
Package: numprint 2012/08/20 v1.39 Print numbers (HH)
\c@nprt@mantissa@digitsbefore=\count330
\c@nprt@mantissa@digitsafter=\count331
\c@nprt@exponent@digitsbefore=\count332
\c@nprt@exponent@digitsafter=\count333
\nprt@digitwidth=\skip156
\nprt@sepwidth=\skip157
\nprt@decimalwidth=\skip158
\nprt@blockwidth=\skip159
\nprt@digittoks=\toks56
\nprt@pretoks=\toks57
\nprt@posttoks=\toks58
\nprt@thisdigit=\count334
\nprt@curpos=\count335
\nprt@rndpos=\count336
\c@nprt@digitsfirstblock=\count337
\c@nprt@blockcnt=\count338
\c@nprt@cntprint=\count339

No configuration file `numprint.cfg' found.)
(/usr/share/texlive/texmf-dist/tex/latex/everypage/everypage.sty
Package: everypage 2007/06/20 1.1 Hooks to run on every page
)
(/usr/share/texlive/texmf-dist/tex/latex/draftwatermark/draftwatermark.sty
Package: draftwatermark 2015/02/19 1.2 Put a gray textual watermark on document
 pages
\sc@wm@hcenter=\skip160
\sc@wm@vcenter=\skip161
\sc@wm@fontsize=\skip162
)
(/usr/share/texlive/texmf-dist/tex/latex/tools/bm.sty
Package: bm 2017/01/16 v1.2c Bold Symbol Support (DPC/FMi)
\symboldoperators=\mathgroup8
\symboldletters=\mathgroup9
\symboldsymbols=\mathgroup10
\symboldwasy=\mathgroup11
LaTeX Font Info:    Redeclaring math alphabet \mathbf on input line 141.
LaTeX Info: Redefining \bm on input line 207.
)
\c@teo=\count340
\c@defi=\count341
\c@coro=\count342


Package Fancyhdr Warning: \fancyhead's `E' option without twoside option is use
less on input line 134.


Package Fancyhdr Warning: \fancyhead's `E' option without twoside option is use
less on input line 135.

(./b1cidead_3Ev_sol.aux
LaTeX Info: Redefining \. on input line 24.
LaTeX Info: Redefining \% on input line 24.
)
\openout1 = `b1cidead_3Ev_sol.aux'.

LaTeX Font Info:    Checking defaults for OML/cmm/m/it on input line 140.
LaTeX Font Info:    ... okay on input line 140.
LaTeX Font Info:    Checking defaults for T1/cmr/m/n on input line 140.
LaTeX Font Info:    ... okay on input line 140.
LaTeX Font Info:    Checking defaults for OT1/cmr/m/n on input line 140.
LaTeX Font Info:    ... okay on input line 140.
LaTeX Font Info:    Checking defaults for OMS/cmsy/m/n on input line 140.
LaTeX Font Info:    ... okay on input line 140.
LaTeX Font Info:    Checking defaults for OMX/cmex/m/n on input line 140.
LaTeX Font Info:    ... okay on input line 140.
LaTeX Font Info:    Checking defaults for U/cmr/m/n on input line 140.
LaTeX Font Info:    ... okay on input line 140.
LaTeX Font Info:    Checking defaults for PD1/pdf/m/n on input line 140.
LaTeX Font Info:    ... okay on input line 140.
LaTeX Font Info:    Checking defaults for TS1/cmr/m/n on input line 140.
LaTeX Font Info:    Try loading font information for TS1+cmr on input line 140.


(/usr/share/texlive/texmf-dist/tex/latex/base/ts1cmr.fd
File: ts1cmr.fd 2014/09/29 v2.5h Standard LaTeX font definitions
)
LaTeX Font Info:    ... okay on input line 140.
LaTeX Font Info:    Try loading font information for T1+LibreBaskerville-TLF on
 input line 140.

(/usr/share/texlive/texmf-dist/tex/latex/librebaskerville/T1LibreBaskerville-TL
F.fd
File: T1LibreBaskerville-TLF.fd 2012/12/01 (autoinst) Font definitions for T1/L
ibreBaskerville-TLF.
)
LaTeX Font Info:    Font shape `T1/LibreBaskerville-TLF/m/n' will be
(Font)              scaled to size 14.4pt on input line 140.
 (/usr/share/texlive/texmf-dist/tex/context/base/mkii/supp-pdf.mkii
[Loading MPS to PDF converter (version 2006.09.02).]
\scratchcounter=\count343
\scratchdimen=\dimen354
\scratchbox=\box101
\nofMPsegments=\count344
\nofMParguments=\count345
\everyMPshowfont=\toks59
\MPscratchCnt=\count346
\MPscratchDim=\dimen355
\MPnumerator=\count347
\makeMPintoPDFobject=\count348
\everyMPtoPDFconversion=\toks60
) (/usr/share/texlive/texmf-dist/tex/latex/oberdiek/epstopdf-base.sty
Package: epstopdf-base 2016/05/15 v2.6 Base part for package epstopdf

(/usr/share/texlive/texmf-dist/tex/latex/oberdiek/grfext.sty
Package: grfext 2016/05/16 v1.2 Manage graphics extensions (HO)
)
Package epstopdf-base Info: Redefining graphics rule for `.eps' on input line 4
38.
Package grfext Info: Graphics extension search list:
(grfext)             [.pdf,.png,.jpg,.mps,.jpeg,.jbig2,.jb2,.PDF,.PNG,.JPG,.JPE
G,.JBIG2,.JB2,.eps]
(grfext)             \AppendGraphicsExtensions on input line 456.

(/usr/share/texlive/texmf-dist/tex/latex/latexconfig/epstopdf-sys.cfg
File: epstopdf-sys.cfg 2010/07/13 v1.3 Configuration of (r)epstopdf for TeX Liv
e
))
LaTeX Info: Redefining \. on input line 140.
LaTeX Info: Redefining \% on input line 140.
\AtBeginShipoutBox=\box102
Package hyperref Info: Link coloring OFF on input line 140.

(/usr/share/texlive/texmf-dist/tex/latex/hyperref/nameref.sty
Package: nameref 2016/05/21 v2.44 Cross-referencing by name of section

(/usr/share/texlive/texmf-dist/tex/generic/oberdiek/gettitlestring.sty
Package: gettitlestring 2016/05/16 v1.5 Cleanup title references (HO)
)
\c@section@level=\count349
)
LaTeX Info: Redefining \ref on input line 140.
LaTeX Info: Redefining \pageref on input line 140.
LaTeX Info: Redefining \nameref on input line 140.

(./b1cidead_3Ev_sol.out) (./b1cidead_3Ev_sol.out)
\@outlinefile=\write5
\openout5 = `b1cidead_3Ev_sol.out'.


ABD: EveryShipout initializing macros
(/usr/share/texlive/texmf-dist/tex/latex/translations/translations-basic-dictio
nary-spanish.trsl
File: translations-basic-dictionary-spanish.trsl (spanish translation file `tra
nslations-basic-dictionary')
)
Package translations Info: loading dictionary `translations-basic-dictionary' f
or `spanish'. on input line 140.
\c@mv@tabular=\count350
\c@mv@boldtabular=\count351
Package caption Info: Begin \AtBeginDocument code.
Package caption Info: End \AtBeginDocument code.

(/usr/share/texlive/texmf-dist/tex/latex/elements/elements_names_spanish.def)
LaTeX Font Info:    Font shape `T1/LibreBaskerville-TLF/bx/n' in size <14.4> no
t available
(Font)              Font shape `T1/LibreBaskerville-TLF/b/n' tried instead on i
nput line 152.
LaTeX Font Info:    Font shape `T1/LibreBaskerville-TLF/b/n' will be
(Font)              scaled to size 14.4pt on input line 152.
LaTeX Font Info:    Try loading font information for U+msa on input line 152.

(/usr/share/texlive/texmf-dist/tex/latex/amsfonts/umsa.fd
File: umsa.fd 2013/01/14 v3.01 AMS symbols A
)
LaTeX Font Info:    Try loading font information for U+msb on input line 152.

(/usr/share/texlive/texmf-dist/tex/latex/amsfonts/umsb.fd
File: umsb.fd 2013/01/14 v3.01 AMS symbols B
)
LaTeX Font Info:    Try loading font information for U+wasy on input line 152.

(/usr/share/texlive/texmf-dist/tex/latex/wasysym/uwasy.fd
File: uwasy.fd 2003/10/30 v2.0 Wasy-2 symbol font definitions
)
LaTeX Font Info:    Try loading font information for U+lasy on input line 152.

(/usr/share/texlive/texmf-dist/tex/latex/base/ulasy.fd
File: ulasy.fd 1998/08/17 v2.2e LaTeX symbol font definitions
)

LaTeX Font Warning: Font shape `U/wasy/b/n' in size <7> not available
(Font)              Font shape `U/wasy/m/n' tried instead on input line 152.

Package mdframed Info: mdframed detected package amsthm 
 changed the theorem header of amsthm
(mdframed)              on input line 155.
LaTeX Font Info:    Font shape `T1/LibreBaskerville-TLF/m/it' will be
(Font)              scaled to size 14.4pt on input line 156.
Package mdframed Info: mdframed detected package amsthm 
 changed the theorem header of amsthm
(mdframed)              on input line 176.
LaTeX Font Info:    Font shape `T1/LibreBaskerville-TLF/m/n' will be
(Font)              scaled to size 142.26378pt on input line 186.
LaTeX Font Info:    Calculating math sizes for size <142.26378> on input line 1
86.

LaTeX Font Warning: Font shape `OT1/cmr/m/n' in size <142.26378> not available
(Font)              size <51.59> substituted on input line 186.


LaTeX Font Warning: Font shape `OT1/cmr/m/n' in size <99.5842> not available
(Font)              size <51.59> substituted on input line 186.


LaTeX Font Warning: Font shape `OT1/cmr/m/n' in size <71.13188> not available
(Font)              size <51.59> substituted on input line 186.


LaTeX Font Warning: Font shape `OML/cmm/m/it' in size <142.26378> not available

(Font)              size <24.88> substituted on input line 186.


LaTeX Font Warning: Font shape `OML/cmm/m/it' in size <99.5842> not available
(Font)              size <24.88> substituted on input line 186.


LaTeX Font Warning: Font shape `OML/cmm/m/it' in size <71.13188> not available
(Font)              size <24.88> substituted on input line 186.


LaTeX Font Warning: Font shape `OMS/cmsy/m/n' in size <142.26378> not available

(Font)              size <24.88> substituted on input line 186.


LaTeX Font Warning: Font shape `OMS/cmsy/m/n' in size <99.5842> not available
(Font)              size <24.88> substituted on input line 186.


LaTeX Font Warning: Font shape `OMS/cmsy/m/n' in size <71.13188> not available
(Font)              size <24.88> substituted on input line 186.


LaTeX Font Warning: Font shape `U/wasy/m/n' in size <142.26378> not available
(Font)              size <24.88> substituted on input line 186.


LaTeX Font Warning: Font shape `U/wasy/m/n' in size <99.5842> not available
(Font)              size <24.88> substituted on input line 186.


LaTeX Font Warning: Font shape `U/wasy/m/n' in size <71.13188> not available
(Font)              size <24.88> substituted on input line 186.


LaTeX Font Warning: Font shape `U/lasy/m/n' in size <142.26378> not available
(Font)              size <24.88> substituted on input line 186.


LaTeX Font Warning: Font shape `U/lasy/m/n' in size <99.5842> not available
(Font)              size <24.88> substituted on input line 186.


LaTeX Font Warning: Font shape `U/lasy/m/n' in size <71.13188> not available
(Font)              size <24.88> substituted on input line 186.


LaTeX Font Warning: Font shape `OT1/cmr/bx/n' in size <142.26378> not available

(Font)              size <51.59> substituted on input line 186.


LaTeX Font Warning: Font shape `OT1/cmr/bx/n' in size <99.5842> not available
(Font)              size <51.59> substituted on input line 186.


LaTeX Font Warning: Font shape `OT1/cmr/bx/n' in size <71.13188> not available
(Font)              size <51.59> substituted on input line 186.


LaTeX Font Warning: Font shape `OML/cmm/b/it' in size <142.26378> not available

(Font)              size <24.88> substituted on input line 186.


LaTeX Font Warning: Font shape `OML/cmm/b/it' in size <99.5842> not available
(Font)              size <24.88> substituted on input line 186.


LaTeX Font Warning: Font shape `OML/cmm/b/it' in size <71.13188> not available
(Font)              size <24.88> substituted on input line 186.


LaTeX Font Warning: Font shape `OMS/cmsy/b/n' in size <142.26378> not available

(Font)              size <24.88> substituted on input line 186.


LaTeX Font Warning: Font shape `OMS/cmsy/b/n' in size <99.5842> not available
(Font)              size <24.88> substituted on input line 186.


LaTeX Font Warning: Font shape `OMS/cmsy/b/n' in size <71.13188> not available
(Font)              size <24.88> substituted on input line 186.


LaTeX Font Warning: Font shape `U/wasy/b/n' in size <142.26378> not available
(Font)              size <24.88> substituted on input line 186.


LaTeX Font Warning: Font shape `U/wasy/b/n' in size <99.5842> not available
(Font)              size <24.88> substituted on input line 186.


LaTeX Font Warning: Font shape `U/wasy/b/n' in size <71.13188> not available
(Font)              size <24.88> substituted on input line 186.

LaTeX Font Info:    Font shape `T1/LibreBaskerville-TLF/m/n' will be
(Font)              scaled to size 12.0pt on input line 186.
LaTeX Font Info:    Font shape `T1/LibreBaskerville-TLF/bx/n' in size <12> not 
available
(Font)              Font shape `T1/LibreBaskerville-TLF/b/n' tried instead on i
nput line 186.
LaTeX Font Info:    Font shape `T1/LibreBaskerville-TLF/b/n' will be
(Font)              scaled to size 12.0pt on input line 186.

Package Fancyhdr Warning: \headheight is too small (14.0pt): 
 Make it at least 17.0pt.
 We now make it that large for the rest of the document.
 This may cause the page layout to be inconsistent, however.

Package babel Info: Redefining spanish shorthand <<
(babel)             in language  on input line 186.
Package babel Info: Redefining spanish shorthand >>
(babel)             in language  on input line 186.
Package babel Info: Redefining spanish shorthand "=
(babel)             in language  on input line 186.
Package babel Info: Redefining spanish shorthand "~
(babel)             in language  on input line 186.
Package babel Info: Redefining spanish shorthand "!
(babel)             in language  on input line 186.
Package babel Info: Redefining spanish shorthand "?
(babel)             in language  on input line 186.
Package babel Info: Redefining spanish shorthand <<
(babel)             in language  on input line 186.
Package babel Info: Redefining spanish shorthand >>
(babel)             in language  on input line 186.
Package babel Info: Redefining spanish shorthand "=
(babel)             in language  on input line 186.
Package babel Info: Redefining spanish shorthand "~
(babel)             in language  on input line 186.
Package babel Info: Redefining spanish shorthand "!
(babel)             in language  on input line 186.
Package babel Info: Redefining spanish shorthand "?
(babel)             in language  on input line 186.
[1{/var/lib/texmf/fonts/map/pdftex/updmap/pdftex.map}

]
Package mdframed Info: mdframed detected package amsthm 
 changed the theorem header of amsthm
(mdframed)              on input line 191.
Package mdframed Info: mdframed detected package amsthm 
 changed the theorem header of amsthm
(mdframed)              on input line 205.


Package Fancyhdr Warning: \headheight is too small (14.0pt): 
 Make it at least 17.0pt.
 We now make it that large for the rest of the document.
 This may cause the page layout to be inconsistent, however.

Package babel Info: Redefining spanish shorthand <<
(babel)             in language  on input line 210.
Package babel Info: Redefining spanish shorthand >>
(babel)             in language  on input line 210.
Package babel Info: Redefining spanish shorthand "=
(babel)             in language  on input line 210.
Package babel Info: Redefining spanish shorthand "~
(babel)             in language  on input line 210.
Package babel Info: Redefining spanish shorthand "!
(babel)             in language  on input line 210.
Package babel Info: Redefining spanish shorthand "?
(babel)             in language  on input line 210.
Package babel Info: Redefining spanish shorthand <<
(babel)             in language  on input line 210.
Package babel Info: Redefining spanish shorthand >>
(babel)             in language  on input line 210.
Package babel Info: Redefining spanish shorthand "=
(babel)             in language  on input line 210.
Package babel Info: Redefining spanish shorthand "~
(babel)             in language  on input line 210.
Package babel Info: Redefining spanish shorthand "!
(babel)             in language  on input line 210.
Package babel Info: Redefining spanish shorthand "?
(babel)             in language  on input line 210.
pdfTeX warning (ext4): destination with the same identifier (name{page.}) has b
een already used, duplicate ignored
<to be read again> 
                   \relax 
l.210     		\newpage
                     [2]
Package mdframed Info: mdframed detected package amsthm 
 changed the theorem header of amsthm
(mdframed)              on input line 213.
Package mdframed Info: mdframed detected package amsthm 
 changed the theorem header of amsthm
(mdframed)              on input line 219.


Package Fancyhdr Warning: \headheight is too small (14.0pt): 
 Make it at least 17.0pt.
 We now make it that large for the rest of the document.
 This may cause the page layout to be inconsistent, however.

Package babel Info: Redefining spanish shorthand <<
(babel)             in language  on input line 225.
Package babel Info: Redefining spanish shorthand >>
(babel)             in language  on input line 225.
Package babel Info: Redefining spanish shorthand "=
(babel)             in language  on input line 225.
Package babel Info: Redefining spanish shorthand "~
(babel)             in language  on input line 225.
Package babel Info: Redefining spanish shorthand "!
(babel)             in language  on input line 225.
Package babel Info: Redefining spanish shorthand "?
(babel)             in language  on input line 225.
Package babel Info: Redefining spanish shorthand <<
(babel)             in language  on input line 225.
Package babel Info: Redefining spanish shorthand >>
(babel)             in language  on input line 225.
Package babel Info: Redefining spanish shorthand "=
(babel)             in language  on input line 225.
Package babel Info: Redefining spanish shorthand "~
(babel)             in language  on input line 225.
Package babel Info: Redefining spanish shorthand "!
(babel)             in language  on input line 225.
Package babel Info: Redefining spanish shorthand "?
(babel)             in language  on input line 225.
pdfTeX warning (ext4): destination with the same identifier (name{page.}) has b
een already used, duplicate ignored
<to be read again> 
                   \relax 
l.225     \newpage
                   [3]
Package mdframed Info: mdframed detected package amsthm 
 changed the theorem header of amsthm
(mdframed)              on input line 230.
LaTeX Font Info:    Font shape `T1/LibreBaskerville-TLF/m/n' will be
(Font)              scaled to size 10.0pt on input line 238.


LaTeX Font Warning: Font shape `U/wasy/b/n' in size <5> not available
(Font)              Font shape `U/wasy/m/n' tried instead on input line 238.

LaTeX Font Info:    Font shape `T1/LibreBaskerville-TLF/m/n' will be
(Font)              scaled to size 7.0pt on input line 238.
Package mdframed Info: mdframed detected package amsthm 
 changed the theorem header of amsthm
(mdframed)              on input line 239.
Package mdframed Info: mdframed detected package amsthm 
 changed the theorem header of amsthm
(mdframed)              on input line 248.
LaTeX Font Info:    Font shape `T1/LibreBaskerville-TLF/m/it' will be
(Font)              scaled to size 10.0pt on input line 255.
LaTeX Font Info:    Font shape `T1/LibreBaskerville-TLF/m/it' will be
(Font)              scaled to size 7.0pt on input line 255.
LaTeX Font Info:    Font shape `T1/LibreBaskerville-TLF/m/n' will be
(Font)              scaled to size 6.99997pt on input line 255.
LaTeX Font Info:    Calculating math sizes for size <6.99997> on input line 255
.

LaTeX Font Warning: Font shape `OT1/cmr/m/n' in size <3.49998> not available
(Font)              size <5> substituted on input line 255.


LaTeX Font Warning: Font shape `OML/cmm/m/it' in size <3.49998> not available
(Font)              size <5> substituted on input line 255.


LaTeX Font Warning: Font shape `OMS/cmsy/m/n' in size <3.49998> not available
(Font)              size <5> substituted on input line 255.


LaTeX Font Warning: Font shape `U/wasy/m/n' in size <3.49998> not available
(Font)              size <5> substituted on input line 255.


LaTeX Font Warning: Font shape `U/lasy/m/n' in size <3.49998> not available
(Font)              size <5> substituted on input line 255.


LaTeX Font Warning: Font shape `OT1/cmr/bx/n' in size <3.49998> not available
(Font)              size <5> substituted on input line 255.


LaTeX Font Warning: Font shape `OML/cmm/b/it' in size <3.49998> not available
(Font)              size <5> substituted on input line 255.


LaTeX Font Warning: Font shape `OMS/cmsy/b/n' in size <3.49998> not available
(Font)              size <5> substituted on input line 255.


LaTeX Font Warning: Font shape `U/wasy/b/n' in size <6.99997> not available
(Font)              Font shape `U/wasy/m/n' tried instead on input line 255.


LaTeX Font Warning: Font shape `U/wasy/b/n' in size <4.89995> not available
(Font)              Font shape `U/wasy/m/n' tried instead on input line 255.


LaTeX Font Warning: Font shape `U/wasy/b/n' in size <3.49998> not available
(Font)              Font shape `U/wasy/m/n' tried instead on input line 255.


LaTeX Font Warning: Font shape `U/wasy/m/n' in size <3.49998> not available
(Font)              size <5> substituted on input line 255.

LaTeX Font Info:    Font shape `T1/LibreBaskerville-TLF/m/n' will be
(Font)              scaled to size 5.0pt on input line 255.

Package Fancyhdr Warning: \headheight is too small (14.0pt): 
 Make it at least 17.0pt.
 We now make it that large for the rest of the document.
 This may cause the page layout to be inconsistent, however.

Package babel Info: Redefining spanish shorthand <<
(babel)             in language  on input line 265.
Package babel Info: Redefining spanish shorthand >>
(babel)             in language  on input line 265.
Package babel Info: Redefining spanish shorthand "=
(babel)             in language  on input line 265.
Package babel Info: Redefining spanish shorthand "~
(babel)             in language  on input line 265.
Package babel Info: Redefining spanish shorthand "!
(babel)             in language  on input line 265.
Package babel Info: Redefining spanish shorthand "?
(babel)             in language  on input line 265.
Package babel Info: Redefining spanish shorthand <<
(babel)             in language  on input line 265.
Package babel Info: Redefining spanish shorthand >>
(babel)             in language  on input line 265.
Package babel Info: Redefining spanish shorthand "=
(babel)             in language  on input line 265.
Package babel Info: Redefining spanish shorthand "~
(babel)             in language  on input line 265.
Package babel Info: Redefining spanish shorthand "!
(babel)             in language  on input line 265.
Package babel Info: Redefining spanish shorthand "?
(babel)             in language  on input line 265.
pdfTeX warning (ext4): destination with the same identifier (name{page.}) has b
een already used, duplicate ignored
<to be read again> 
                   \relax 
l.265     		\end{mdframed}
                           [4]

Package Fancyhdr Warning: \headheight is too small (14.0pt): 
 Make it at least 17.0pt.
 We now make it that large for the rest of the document.
 This may cause the page layout to be inconsistent, however.

Package babel Info: Redefining spanish shorthand <<
(babel)             in language  on input line 269.
Package babel Info: Redefining spanish shorthand >>
(babel)             in language  on input line 269.
Package babel Info: Redefining spanish shorthand "=
(babel)             in language  on input line 269.
Package babel Info: Redefining spanish shorthand "~
(babel)             in language  on input line 269.
Package babel Info: Redefining spanish shorthand "!
(babel)             in language  on input line 269.
Package babel Info: Redefining spanish shorthand "?
(babel)             in language  on input line 269.
Package babel Info: Redefining spanish shorthand <<
(babel)             in language  on input line 269.
Package babel Info: Redefining spanish shorthand >>
(babel)             in language  on input line 269.
Package babel Info: Redefining spanish shorthand "=
(babel)             in language  on input line 269.
Package babel Info: Redefining spanish shorthand "~
(babel)             in language  on input line 269.
Package babel Info: Redefining spanish shorthand "!
(babel)             in language  on input line 269.
Package babel Info: Redefining spanish shorthand "?
(babel)             in language  on input line 269.
pdfTeX warning (ext4): destination with the same identifier (name{page.}) has b
een already used, duplicate ignored
<to be read again> 
                   \relax 
l.269     \newpage
                   [5]
Package mdframed Info: mdframed detected package amsthm 
 changed the theorem header of amsthm
(mdframed)              on input line 274.
Package mdframed Info: mdframed detected package amsthm 
 changed the theorem header of amsthm
(mdframed)              on input line 293.


Package Fancyhdr Warning: \headheight is too small (14.0pt): 
 Make it at least 17.0pt.
 We now make it that large for the rest of the document.
 This may cause the page layout to be inconsistent, however.

Package babel Info: Redefining spanish shorthand <<
(babel)             in language  on input line 305.
Package babel Info: Redefining spanish shorthand >>
(babel)             in language  on input line 305.
Package babel Info: Redefining spanish shorthand "=
(babel)             in language  on input line 305.
Package babel Info: Redefining spanish shorthand "~
(babel)             in language  on input line 305.
Package babel Info: Redefining spanish shorthand "!
(babel)             in language  on input line 305.
Package babel Info: Redefining spanish shorthand "?
(babel)             in language  on input line 305.
Package babel Info: Redefining spanish shorthand <<
(babel)             in language  on input line 305.
Package babel Info: Redefining spanish shorthand >>
(babel)             in language  on input line 305.
Package babel Info: Redefining spanish shorthand "=
(babel)             in language  on input line 305.
Package babel Info: Redefining spanish shorthand "~
(babel)             in language  on input line 305.
Package babel Info: Redefining spanish shorthand "!
(babel)             in language  on input line 305.
Package babel Info: Redefining spanish shorthand "?
(babel)             in language  on input line 305.
pdfTeX warning (ext4): destination with the same identifier (name{page.}) has b
een already used, duplicate ignored
<to be read again> 
                   \relax 
l.305 \end{document}
                     [6]
Package atveryend Info: Empty hook `BeforeClearDocument' on input line 305.
Package atveryend Info: Empty hook `AfterLastShipout' on input line 305.
 (./b1cidead_3Ev_sol.aux
LaTeX Info: Redefining \. on input line 24.
LaTeX Info: Redefining \% on input line 24.
)
Package atveryend Info: Executing hook `AtVeryEndDocument' on input line 305.
Package atveryend Info: Executing hook `AtEndAfterFileList' on input line 305.
Package rerunfilecheck Info: File `b1cidead_3Ev_sol.out' has not changed.
(rerunfilecheck)             Checksum: D41D8CD98F00B204E9800998ECF8427E;0.


LaTeX Font Warning: Size substitutions with differences
(Font)              up to 117.38377pt have occurred.

Package atveryend Info: Empty hook `AtVeryVeryEnd' on input line 305.
 ) 
Here is how much of TeX's memory you used:
 34074 strings out of 492982
 669157 string characters out of 6134896
 731987 words of memory out of 5000000
 37095 multiletter control sequences out of 15000+600000
 791476 words of font info for 126 fonts, out of 8000000 for 9000
 1141 hyphenation exceptions out of 8191
 62i,15n,100p,10361b,765s stack positions out of 5000i,500n,10000p,200000b,80000s
{/usr/share/texlive/texmf-dist/fonts/enc/dvips/librebaskerville/lbsk_7c5ufm.e
nc}</usr/share/texlive/texmf-dist/fonts/type1/impallari/librebaskerville/LibreB
askerville-Bold.pfb></usr/share/texlive/texmf-dist/fonts/type1/impallari/libreb
askerville/LibreBaskerville-Italic.pfb></usr/share/texlive/texmf-dist/fonts/typ
e1/impallari/librebaskerville/LibreBaskerville-Regular.pfb></usr/share/texlive/
texmf-dist/fonts/type1/public/amsfonts/cm/cmex10.pfb></usr/share/texlive/texmf-
dist/fonts/type1/public/amsfonts/cm/cmmi10.pfb></usr/share/texlive/texmf-dist/f
onts/type1/public/amsfonts/cm/cmmi12.pfb></usr/share/texlive/texmf-dist/fonts/t
ype1/public/amsfonts/cm/cmmi7.pfb></usr/share/texlive/texmf-dist/fonts/type1/pu
blic/amsfonts/cm/cmr10.pfb></usr/share/texlive/texmf-dist/fonts/type1/public/am
sfonts/cm/cmr12.pfb></usr/share/texlive/texmf-dist/fonts/type1/public/amsfonts/
cm/cmsy10.pfb></usr/share/texlive/texmf-dist/fonts/type1/public/amsfonts/cm/cms
y7.pfb>
Output written on b1cidead_3Ev_sol.pdf (6 pages, 132042 bytes).
PDF statistics:
 90 PDF objects out of 1000 (max. 8388607)
 70 compressed objects within 1 object stream
 11 named destinations out of 1000 (max. 500000)
 13 words of extra memory for PDF output out of 10000 (max. 10000000)

